FG%,3P%,FT%,FTA,TRB,AST,TOV,STL,BLK,Opponent,Point_Differential,Home,Win,Team,Opponent_Win_Rate
0.545,0.25,0.607,28.0,39.0,23.0,20.0,7.0,2.0,GSW,-10,1,0,LAL,0.4523809523809524
0.592,0.414,0.813,32.0,38.0,26.0,12.0,6.0,3.0,MIN,18,1,1,LAL,0.5975609756097561
0.488,0.32,0.891,46.0,47.0,26.0,17.0,9.0,3.0,SAC,7,0,1,LAL,0.2682926829268293
0.465,0.259,0.808,26.0,42.0,23.0,25.0,11.0,5.0,POR,-14,1,0,LAL,0.5180722891566265
0.542,0.355,0.682,22.0,40.0,34.0,19.0,6.0,5.0,MIN,1,0,1,LAL,0.5975609756097561
0.513,0.342,0.788,33.0,40.0,24.0,15.0,8.0,3.0,MEM,5,0,1,LAL,0.3048780487804878
0.505,0.326,0.826,23.0,41.0,33.0,12.0,14.0,2.0,MIA,10,1,1,LAL,0.5180722891566265
0.588,0.391,0.875,16.0,34.0,29.0,17.0,11.0,5.0,POR,8,0,1,LAL,0.5180722891566265
0.446,0.323,0.773,44.0,38.0,23.0,14.0,8.0,5.0,SAS,2,1,1,LAL,0.7560975609756098
0.457,0.4,0.8,20.0,47.0,23.0,20.0,8.0,5.0,ATL,-20,0,0,LAL,0.5609756097560976
0.5,0.359,0.85,20.0,36.0,25.0,11.0,12.0,2.0,CHO,10,0,1,LAL,0.5357142857142857
0.403,0.314,0.679,28.0,42.0,19.0,20.0,9.0,0.0,OKC,-29,0,0,LAL,0.7804878048780488
0.524,0.294,0.769,26.0,45.0,28.0,18.0,13.0,5.0,NOP,14,0,1,LAL,0.3170731707317073
0.494,0.394,0.909,33.0,47.0,23.0,17.0,13.0,4.0,MIL,24,0,1,LAL,0.3902439024390244
0.595,0.344,0.725,40.0,41.0,31.0,17.0,9.0,1.0,UTA,14,1,1,LAL,0.2682926829268293
0.442,0.263,0.815,27.0,45.0,23.0,14.0,7.0,4.0,UTA,2,0,1,LAL,0.2682926829268293
0.575,0.448,0.846,26.0,38.0,29.0,11.0,9.0,4.0,LAC,17,1,1,LAL,0.5060240963855421
0.592,0.514,0.808,26.0,34.0,27.0,15.0,4.0,4.0,DAL,10,1,1,LAL,0.3170731707317073
0.483,0.366,0.872,39.0,46.0,26.0,9.0,4.0,10.0,NOP,12,1,1,LAL,0.3170731707317073
0.513,0.394,0.867,15.0,39.0,18.0,22.0,1.0,0.0,PHO,-17,1,0,LAL,0.5476190476190477
0.5,0.419,0.846,26.0,38.0,26.0,11.0,7.0,7.0,TOR,3,0,1,LAL,0.5609756097560976
0.429,0.4,0.862,29.0,35.0,15.0,14.0,8.0,2.0,BOS,-21,0,0,LAL,0.6829268292682927
0.482,0.361,0.63,27.0,52.0,25.0,10.0,3.0,8.0,PHI,4,0,1,LAL,0.5542168674698795
0.494,0.432,0.739,23.0,43.0,27.0,11.0,4.0,7.0,SAS,-13,1,0,LAL,0.7560975609756098
0.432,0.189,0.767,43.0,54.0,20.0,22.0,13.0,8.0,PHO,2,0,1,LAL,0.5476190476190477
0.527,0.333,0.821,39.0,48.0,32.0,7.0,7.0,2.0,UTA,8,0,1,LAL,0.2682926829268293
0.386,0.158,0.609,23.0,43.0,16.0,11.0,7.0,3.0,LAC,-15,0,0,LAL,0.5060240963855421
0.481,0.375,0.621,29.0,38.0,22.0,17.0,7.0,4.0,PHO,-24,0,0,LAL,0.5476190476190477
0.506,0.367,0.636,11.0,25.0,19.0,16.0,7.0,5.0,HOU,-23,1,0,LAL,0.6341463414634146
0.528,0.395,0.889,18.0,41.0,25.0,16.0,14.0,4.0,SAC,24,1,1,LAL,0.2682926829268293
0.451,0.282,0.677,31.0,33.0,28.0,21.0,10.0,3.0,DET,-22,1,0,LAL,0.7317073170731707
0.584,0.344,0.871,31.0,42.0,26.0,20.0,9.0,4.0,MEM,7,1,1,LAL,0.3048780487804878
0.475,0.268,0.805,41.0,45.0,30.0,11.0,4.0,6.0,MEM,6,1,1,LAL,0.3048780487804878
0.506,0.355,0.667,21.0,44.0,30.0,15.0,11.0,6.0,NOP,8,0,1,LAL,0.3170731707317073
0.395,0.231,0.636,22.0,45.0,16.0,17.0,9.0,2.0,SAS,-16,0,0,LAL,0.7560975609756098
0.429,0.417,0.571,14.0,45.0,28.0,13.0,9.0,0.0,MIL,-4,1,0,LAL,0.3902439024390244
0.488,0.222,0.786,28.0,39.0,21.0,10.0,9.0,2.0,SAC,-12,0,0,LAL,0.2682926829268293
0.578,0.559,0.867,30.0,47.0,36.0,16.0,2.0,3.0,ATL,25,1,1,LAL,0.5609756097560976
0.462,0.368,0.739,23.0,35.0,18.0,9.0,8.0,4.0,CHO,-18,1,0,LAL,0.5357142857142857
0.494,0.419,0.905,21.0,27.0,25.0,15.0,8.0,6.0,POR,-16,0,0,LAL,0.5180722891566265
0.482,0.389,0.824,17.0,48.0,25.0,15.0,6.0,6.0,TOR,17,1,1,LAL,0.5609756097560976
0.506,0.4,0.656,32.0,51.0,24.0,13.0,3.0,2.0,DEN,8,0,1,LAL,0.6585365853658537
0.455,0.333,0.722,18.0,34.0,24.0,10.0,14.0,8.0,LAC,-8,0,0,LAL,0.5060240963855421
0.444,0.412,0.759,29.0,57.0,26.0,16.0,7.0,8.0,DAL,6,0,1,LAL,0.3170731707317073
0.561,0.485,0.724,29.0,35.0,26.0,8.0,7.0,3.0,CHI,11,0,1,LAL,0.3780487804878049
0.481,0.281,0.667,18.0,36.0,21.0,16.0,7.0,3.0,CLE,-30,0,0,LAL,0.6341463414634146
0.612,0.424,0.75,32.0,46.0,38.0,17.0,17.0,4.0,WAS,31,0,1,LAL,0.2073170731707317
0.452,0.286,0.632,19.0,36.0,21.0,11.0,5.0,3.0,NYK,-12,0,0,LAL,0.6463414634146342
0.541,0.226,0.667,39.0,41.0,25.0,12.0,14.0,0.0,BRK,16,0,1,LAL,0.24390243902439024
0.557,0.36,0.815,27.0,42.0,27.0,22.0,8.0,4.0,PHI,4,1,1,LAL,0.5542168674698795
0.507,0.407,0.8,30.0,41.0,29.0,23.0,7.0,10.0,GSW,6,1,1,LAL,0.4523809523809524
0.5,0.323,0.696,23.0,37.0,25.0,15.0,7.0,2.0,OKC,-9,1,0,LAL,0.7804878048780488
0.482,0.44,0.75,20.0,34.0,23.0,18.0,7.0,2.0,SAS,-28,1,0,LAL,0.7560975609756098
0.558,0.323,0.857,21.0,44.0,35.0,13.0,8.0,3.0,DAL,20,1,1,LAL,0.3170731707317073
0.518,0.548,0.8,25.0,32.0,31.0,12.0,8.0,4.0,LAC,3,1,1,LAL,0.5060240963855421
0.391,0.3,0.667,18.0,39.0,18.0,8.0,7.0,5.0,BOS,-22,1,0,LAL,0.6829268292682927
0.482,0.31,0.714,28.0,39.0,24.0,12.0,6.0,8.0,ORL,-1,1,0,LAL,0.5476190476190477
0.507,0.379,0.885,26.0,39.0,20.0,13.0,8.0,2.0,PHO,-3,0,0,LAL,0.5476190476190477
0.533,0.463,0.7,20.0,47.0,29.0,10.0,7.0,5.0,GSW,28,0,1,LAL,0.4523809523809524
0.5,0.462,0.727,22.0,37.0,34.0,10.0,14.0,9.0,SAC,24,1,1,LAL,0.2682926829268293
0.47,0.297,0.808,26.0,48.0,29.0,22.0,7.0,12.0,NOP,9,1,1,LAL,0.3170731707317073
0.517,0.419,0.667,15.0,32.0,30.0,10.0,12.0,1.0,DEN,-7,0,0,LAL,0.6585365853658537
0.529,0.459,0.913,23.0,43.0,25.0,13.0,5.0,2.0,IND,11,1,1,LAL,0.23170731707317074
0.432,0.341,0.833,30.0,42.0,20.0,14.0,10.0,5.0,NYK,13,1,1,LAL,0.6463414634146342
0.484,0.289,0.731,26.0,47.0,31.0,7.0,7.0,2.0,MIN,14,1,1,LAL,0.5975609756097561
0.556,0.472,0.714,21.0,41.0,31.0,10.0,9.0,4.0,CHI,12,1,1,LAL,0.3780487804878049
0.516,0.333,0.654,26.0,46.0,31.0,17.0,10.0,6.0,DEN,2,1,1,LAL,0.6585365853658537
0.44,0.235,0.818,22.0,32.0,17.0,12.0,14.0,2.0,HOU,8,0,1,LAL,0.6341463414634146
0.605,0.469,0.63,27.0,34.0,30.0,14.0,6.0,8.0,HOU,8,0,1,LAL,0.6341463414634146
0.531,0.438,0.756,45.0,47.0,23.0,13.0,8.0,3.0,MIA,8,0,1,LAL,0.5180722891566265
0.448,0.25,0.655,29.0,43.0,19.0,12.0,11.0,6.0,ORL,1,0,1,LAL,0.5476190476190477
0.481,0.276,0.839,31.0,39.0,27.0,13.0,6.0,6.0,DET,-3,0,0,LAL,0.7317073170731707
0.562,0.391,0.824,34.0,39.0,30.0,14.0,15.0,4.0,IND,7,0,1,LAL,0.23170731707317074
0.543,0.44,0.69,42.0,48.0,18.0,15.0,9.0,9.0,BRK,17,1,1,LAL,0.24390243902439024
0.557,0.292,0.781,32.0,48.0,29.0,15.0,7.0,7.0,WAS,19,1,1,LAL,0.2073170731707317
0.542,0.419,0.923,26.0,37.0,26.0,12.0,9.0,4.0,CLE,14,1,1,LAL,0.6341463414634146
0.43,0.233,0.778,27.0,38.0,20.0,18.0,8.0,5.0,OKC,-43,0,0,LAL,0.7804878048780488
0.516,0.296,0.788,33.0,49.0,36.0,12.0,6.0,1.0,DAL,-6,0,0,LAL,0.3170731707317073
0.438,0.346,0.452,31.0,38.0,26.0,17.0,7.0,3.0,OKC,-36,1,0,LAL,0.7804878048780488
0.613,0.552,0.625,8.0,33.0,37.0,19.0,14.0,3.0,GSW,16,0,1,LAL,0.4523809523809524
0.507,0.4,0.767,30.0,35.0,27.0,11.0,17.0,3.0,PHO,28,1,1,LAL,0.5476190476190477
0.548,0.441,0.824,17.0,49.0,37.0,17.0,12.0,6.0,UTA,24,1,1,LAL,0.2682926829268293
0.451,0.256,0.885,26.0,42.0,16.0,11.0,7.0,4.0,PHI,-1,1,0,BOS,0.5542168674698795
0.427,0.341,0.667,15.0,37.0,19.0,16.0,10.0,7.0,NYK,-10,0,0,BOS,0.6463414634146342
0.426,0.333,0.75,24.0,38.0,17.0,12.0,11.0,8.0,DET,-6,0,0,BOS,0.7317073170731707
0.484,0.34,0.8,15.0,54.0,25.0,12.0,5.0,7.0,NOP,32,0,1,BOS,0.3170731707317073
0.442,0.368,0.833,24.0,53.0,29.0,10.0,11.0,3.0,CLE,20,1,1,BOS,0.6341463414634146
0.436,0.311,0.583,12.0,45.0,26.0,10.0,8.0,7.0,PHI,1,0,1,BOS,0.5542168674698795
0.388,0.318,1.0,7.0,36.0,24.0,10.0,9.0,2.0,HOU,-27,1,0,BOS,0.6341463414634146
0.416,0.216,0.818,22.0,36.0,21.0,10.0,12.0,4.0,UTA,-2,1,0,BOS,0.2682926829268293
0.547,0.39,0.762,21.0,40.0,31.0,7.0,12.0,3.0,WAS,29,1,1,BOS,0.2073170731707317
0.453,0.351,0.688,16.0,44.0,26.0,14.0,9.0,8.0,ORL,-13,0,0,BOS,0.5476190476190477
0.471,0.394,0.72,25.0,41.0,22.0,14.0,10.0,2.0,ORL,4,0,1,BOS,0.5476190476190477
0.391,0.342,0.789,19.0,53.0,23.0,11.0,4.0,6.0,PHI,-2,0,0,BOS,0.5542168674698795
0.505,0.412,0.833,12.0,58.0,34.0,11.0,4.0,8.0,MEM,36,1,1,BOS,0.3048780487804878
0.447,0.41,0.765,17.0,49.0,26.0,6.0,6.0,6.0,LAC,3,1,1,BOS,0.5060240963855421
0.493,0.452,0.769,26.0,49.0,25.0,20.0,6.0,5.0,BRK,14,0,1,BOS,0.24390243902439024
0.467,0.324,0.714,14.0,44.0,24.0,13.0,7.0,1.0,BRK,-8,1,0,BOS,0.24390243902439024
0.602,0.455,0.773,22.0,37.0,29.0,5.0,6.0,8.0,ORL,9,1,1,BOS,0.5476190476190477
0.437,0.465,0.875,24.0,44.0,24.0,13.0,9.0,7.0,DET,3,1,1,BOS,0.7317073170731707
0.469,0.348,0.6,15.0,43.0,24.0,11.0,10.0,7.0,MIN,-4,0,0,BOS,0.5975609756097561
0.494,0.35,0.793,29.0,46.0,19.0,19.0,9.0,4.0,CLE,2,0,1,BOS,0.6341463414634146
0.563,0.325,0.857,14.0,38.0,18.0,10.0,6.0,3.0,NYK,6,1,1,BOS,0.6463414634146342
0.545,0.426,0.857,21.0,46.0,35.0,10.0,14.0,8.0,WAS,45,0,1,BOS,0.2073170731707317
0.548,0.533,0.833,12.0,38.0,31.0,16.0,9.0,5.0,LAL,21,1,1,BOS,0.6463414634146342
0.478,0.426,0.929,14.0,41.0,24.0,11.0,8.0,9.0,TOR,8,0,1,BOS,0.5609756097560976
0.386,0.286,0.76,25.0,39.0,18.0,14.0,7.0,1.0,MIL,-15,0,0,BOS,0.3902439024390244
0.463,0.256,0.704,27.0,37.0,16.0,13.0,7.0,5.0,DET,-7,1,0,BOS,0.7317073170731707
0.537,0.488,0.833,24.0,46.0,25.0,16.0,8.0,8.0,MIA,13,1,1,BOS,0.5180722891566265
0.463,0.308,0.8,15.0,55.0,22.0,11.0,7.0,4.0,TOR,16,0,1,BOS,0.5609756097560976
0.427,0.297,0.842,19.0,49.0,19.0,13.0,6.0,6.0,IND,8,1,1,BOS,0.23170731707317074
0.566,0.513,0.765,34.0,43.0,26.0,14.0,8.0,3.0,IND,18,0,1,BOS,0.23170731707317074
0.44,0.295,0.789,19.0,39.0,19.0,19.0,13.0,5.0,POR,-6,0,0,BOS,0.5180722891566265
0.511,0.295,0.87,23.0,44.0,27.0,8.0,8.0,9.0,UTA,10,0,1,BOS,0.2682926829268293
0.506,0.415,0.833,18.0,40.0,25.0,13.0,8.0,6.0,SAC,14,0,1,BOS,0.2682926829268293
0.552,0.471,0.842,19.0,46.0,30.0,6.0,4.0,6.0,LAC,31,0,1,BOS,0.5060240963855421
0.404,0.385,0.846,13.0,54.0,22.0,8.0,7.0,4.0,CHI,14,1,1,BOS,0.3780487804878049
0.453,0.395,0.6,15.0,53.0,16.0,14.0,6.0,6.0,DEN,-4,1,0,BOS,0.6585365853658537
0.54,0.5,0.895,19.0,40.0,28.0,10.0,3.0,5.0,TOR,8,1,1,BOS,0.5609756097560976
0.409,0.364,0.75,4.0,52.0,22.0,10.0,5.0,5.0,SAS,-5,1,0,BOS,0.7560975609756098
0.455,0.257,0.778,9.0,46.0,22.0,12.0,9.0,1.0,IND,-2,0,0,BOS,0.23170731707317074
0.451,0.333,0.96,25.0,51.0,22.0,13.0,5.0,5.0,MIA,5,0,1,BOS,0.5180722891566265
0.505,0.423,0.818,22.0,55.0,27.0,17.0,9.0,8.0,ATL,26,0,1,BOS,0.5609756097560976
0.398,0.317,0.8,30.0,45.0,13.0,14.0,7.0,4.0,DET,-1,0,0,BOS,0.7317073170731707
0.477,0.387,0.92,25.0,54.0,24.0,16.0,8.0,6.0,IND,15,1,1,BOS,0.23170731707317074
0.45,0.431,0.625,16.0,41.0,35.0,9.0,8.0,5.0,BRK,4,0,1,BOS,0.24390243902439024
0.444,0.319,0.889,9.0,38.0,28.0,6.0,10.0,5.0,CHI,-3,0,0,BOS,0.3780487804878049
0.433,0.382,0.611,18.0,41.0,24.0,17.0,11.0,4.0,POR,8,1,1,BOS,0.5180722891566265
0.472,0.265,0.813,16.0,51.0,21.0,16.0,3.0,6.0,ATL,-11,1,0,BOS,0.5609756097560976
0.452,0.375,0.625,16.0,44.0,25.0,7.0,7.0,5.0,SAC,19,1,1,BOS,0.2682926829268293
0.446,0.357,0.769,13.0,52.0,24.0,10.0,4.0,2.0,MIL,28,1,1,BOS,0.3902439024390244
0.49,0.333,0.6,5.0,47.0,27.0,10.0,7.0,4.0,DAL,10,0,1,BOS,0.3170731707317073
0.433,0.373,0.85,20.0,57.0,26.0,15.0,6.0,6.0,HOU,21,0,1,BOS,0.6341463414634146
0.417,0.278,0.783,23.0,50.0,17.0,16.0,7.0,7.0,MIA,2,1,1,BOS,0.5180722891566265
0.37,0.171,0.933,15.0,44.0,22.0,10.0,4.0,3.0,NYK,-22,1,0,BOS,0.6463414634146342
0.516,0.4,0.615,13.0,48.0,29.0,14.0,9.0,8.0,CHI,19,1,1,BOS,0.3780487804878049
0.516,0.425,0.857,7.0,54.0,36.0,13.0,7.0,6.0,GSW,11,0,1,BOS,0.4523809523809524
0.482,0.389,0.81,21.0,50.0,29.0,14.0,6.0,5.0,LAL,22,0,1,BOS,0.6463414634146342
0.4,0.277,0.889,9.0,61.0,24.0,11.0,4.0,7.0,PHO,16,0,1,BOS,0.5476190476190477
0.349,0.279,0.778,18.0,48.0,18.0,14.0,4.0,8.0,DEN,-19,0,0,BOS,0.6585365853658537
0.667,0.647,0.815,27.0,39.0,38.0,12.0,9.0,7.0,BRK,37,1,1,BOS,0.24390243902439024
0.44,0.327,0.857,21.0,59.0,27.0,15.0,4.0,7.0,PHI,16,1,1,BOS,0.5542168674698795
0.432,0.4,0.667,9.0,54.0,31.0,11.0,7.0,6.0,MIL,27,0,1,BOS,0.3902439024390244
0.38,0.278,0.95,20.0,45.0,18.0,16.0,1.0,3.0,CHO,-29,1,0,BOS,0.5357142857142857
0.475,0.333,0.667,15.0,58.0,29.0,10.0,6.0,10.0,DAL,20,1,1,BOS,0.3170731707317073
0.44,0.395,0.909,22.0,49.0,25.0,12.0,2.0,0.0,CLE,11,0,1,BOS,0.6341463414634146
0.472,0.373,0.765,17.0,37.0,27.0,8.0,6.0,4.0,SAS,-9,0,0,BOS,0.7560975609756098
0.402,0.31,0.95,20.0,44.0,20.0,13.0,8.0,4.0,OKC,-2,0,0,BOS,0.7804878048780488
0.441,0.261,0.895,19.0,55.0,29.0,15.0,8.0,4.0,WAS,11,1,1,BOS,0.2073170731707317
0.488,0.425,0.926,27.0,38.0,31.0,14.0,7.0,3.0,PHO,8,1,1,BOS,0.5476190476190477
0.478,0.359,0.947,19.0,49.0,22.0,16.0,12.0,1.0,GSW,21,1,1,BOS,0.4523809523809524
0.449,0.262,0.867,30.0,57.0,19.0,13.0,4.0,2.0,MEM,5,0,1,BOS,0.3048780487804878
0.358,0.273,0.833,18.0,53.0,17.0,11.0,9.0,2.0,MIN,-10,1,0,BOS,0.5975609756097561
0.469,0.439,0.862,29.0,43.0,25.0,13.0,5.0,4.0,OKC,10,1,1,BOS,0.7804878048780488
0.469,0.4,0.826,23.0,52.0,26.0,16.0,0.0,4.0,ATL,7,1,1,BOS,0.5609756097560976
0.506,0.412,0.727,22.0,39.0,23.0,7.0,6.0,3.0,CHO,15,0,1,BOS,0.5357142857142857
0.412,0.378,0.692,26.0,48.0,18.0,15.0,6.0,7.0,ATL,-10,0,0,BOS,0.5609756097560976
0.583,0.477,0.7,20.0,48.0,34.0,9.0,5.0,8.0,MIA,18,0,1,BOS,0.5180722891566265
0.562,0.459,0.842,19.0,48.0,33.0,9.0,7.0,4.0,MIL,32,0,1,BOS,0.3902439024390244
0.534,0.286,0.813,16.0,44.0,25.0,18.0,10.0,3.0,TOR,14,1,1,BOS,0.5609756097560976
0.494,0.405,0.833,12.0,45.0,22.0,14.0,6.0,2.0,CHO,11,1,1,BOS,0.5357142857142857
0.452,0.372,0.875,16.0,42.0,23.0,11.0,4.0,1.0,NYK,-6,0,0,BOS,0.6463414634146342
0.542,0.492,0.733,15.0,44.0,35.0,14.0,9.0,5.0,NOP,26,1,1,BOS,0.3170731707317073
0.414,0.38,1.0,22.0,46.0,24.0,17.0,10.0,6.0,ORL,5,1,1,BOS,0.5476190476190477
0.487,0.425,0.897,29.0,40.0,29.0,19.0,10.0,4.0,LAL,10,0,1,GSW,0.6463414634146342
0.505,0.383,0.76,25.0,43.0,33.0,9.0,11.0,3.0,DEN,6,1,1,GSW,0.6585365853658537
0.438,0.421,0.846,39.0,41.0,24.0,25.0,12.0,3.0,POR,-20,0,0,GSW,0.5180722891566265
0.53,0.442,0.8,30.0,39.0,36.0,16.0,7.0,5.0,MEM,13,1,1,GSW,0.3048780487804878
0.453,0.378,0.75,4.0,42.0,24.0,13.0,11.0,3.0,LAC,19,1,1,GSW,0.5060240963855421
0.424,0.342,0.962,26.0,44.0,23.0,22.0,8.0,6.0,MIL,-10,0,0,GSW,0.3902439024390244
0.433,0.273,0.864,22.0,44.0,25.0,16.0,5.0,4.0,IND,-5,0,0,GSW,0.23170731707317074
0.494,0.452,0.85,20.0,39.0,33.0,16.0,9.0,4.0,PHO,11,1,1,GSW,0.5476190476190477
0.449,0.395,0.826,23.0,44.0,28.0,19.0,10.0,6.0,SAC,-5,0,0,GSW,0.2682926829268293
0.421,0.293,0.8,15.0,46.0,28.0,12.0,4.0,5.0,DEN,-25,0,0,GSW,0.6585365853658537
0.432,0.273,0.703,37.0,50.0,22.0,10.0,11.0,6.0,IND,31,1,1,GSW,0.23170731707317074
0.446,0.371,0.793,29.0,32.0,23.0,21.0,16.0,4.0,OKC,-24,0,0,GSW,0.7804878048780488
0.424,0.368,0.889,36.0,40.0,30.0,16.0,13.0,3.0,SAS,5,0,1,GSW,0.7560975609756098
0.422,0.378,0.889,18.0,39.0,18.0,15.0,9.0,8.0,SAS,1,0,1,GSW,0.7560975609756098
0.457,0.429,0.824,17.0,47.0,34.0,21.0,14.0,4.0,NOP,18,0,1,GSW,0.3170731707317073
0.5,0.361,0.786,28.0,36.0,26.0,18.0,11.0,3.0,ORL,-8,0,0,GSW,0.5476190476190477
0.358,0.265,0.75,20.0,62.0,24.0,23.0,8.0,5.0,MIA,-14,0,0,GSW,0.5180722891566265
0.482,0.395,0.867,30.0,32.0,29.0,14.0,14.0,4.0,POR,-4,1,0,GSW,0.5180722891566265
0.49,0.365,0.722,18.0,50.0,34.0,10.0,11.0,5.0,UTA,17,1,1,GSW,0.2682926829268293
0.427,0.279,0.857,21.0,47.0,25.0,16.0,8.0,5.0,HOU,-4,1,0,GSW,0.6341463414634146
0.409,0.255,0.8,20.0,47.0,28.0,10.0,5.0,3.0,NOP,8,1,1,GSW,0.3170731707317073
0.453,0.429,0.8,10.0,43.0,30.0,16.0,5.0,2.0,OKC,-12,1,0,GSW,0.7804878048780488
0.416,0.286,0.75,16.0,43.0,27.0,13.0,12.0,4.0,PHI,-1,0,0,GSW,0.5542168674698795
0.384,0.371,0.87,23.0,46.0,25.0,14.0,8.0,8.0,CLE,5,0,1,GSW,0.6341463414634146
0.5,0.468,0.684,19.0,51.0,27.0,17.0,11.0,2.0,CHI,32,0,1,GSW,0.3780487804878049
0.458,0.326,0.773,22.0,42.0,27.0,13.0,7.0,2.0,MIN,-7,1,0,GSW,0.5975609756097561
0.506,0.511,0.826,23.0,36.0,34.0,18.0,14.0,5.0,POR,-5,0,0,GSW,0.5180722891566265
0.393,0.286,0.889,18.0,54.0,27.0,20.0,9.0,3.0,PHO,-1,0,0,GSW,0.5476190476190477
0.457,0.347,0.75,24.0,49.0,29.0,21.0,9.0,7.0,PHO,3,1,1,GSW,0.5476190476190477
0.517,0.297,0.708,24.0,47.0,33.0,13.0,8.0,6.0,ORL,23,1,1,GSW,0.5476190476190477
0.444,0.28,0.923,26.0,49.0,33.0,11.0,9.0,4.0,DAL,10,1,1,GSW,0.3170731707317073
0.448,0.364,0.893,28.0,42.0,25.0,21.0,9.0,9.0,TOR,-14,0,0,GSW,0.5609756097560976
0.532,0.303,0.824,34.0,40.0,26.0,14.0,11.0,5.0,BRK,13,0,1,GSW,0.24390243902439024
0.554,0.49,0.941,17.0,37.0,35.0,19.0,7.0,3.0,CHO,7,0,1,GSW,0.5357142857142857
0.356,0.295,0.739,23.0,43.0,23.0,17.0,8.0,5.0,OKC,-37,1,0,GSW,0.7804878048780488
0.494,0.422,0.75,24.0,45.0,32.0,15.0,9.0,2.0,UTA,9,1,1,GSW,0.2682926829268293
0.38,0.244,0.815,27.0,40.0,27.0,7.0,18.0,4.0,LAC,-1,0,0,GSW,0.5060240963855421
0.494,0.383,0.778,18.0,41.0,31.0,10.0,6.0,2.0,MIL,7,1,1,GSW,0.3902439024390244
0.547,0.422,1.0,14.0,41.0,39.0,11.0,4.0,6.0,SAC,34,1,1,GSW,0.2682926829268293
0.467,0.238,0.81,21.0,48.0,28.0,16.0,5.0,4.0,ATL,-13,1,0,GSW,0.5609756097560976
0.472,0.404,0.923,13.0,34.0,34.0,14.0,16.0,5.0,POR,22,1,1,GSW,0.5180722891566265
0.539,0.444,0.769,13.0,38.0,26.0,12.0,7.0,6.0,NYK,13,1,1,GSW,0.6463414634146342
0.548,0.442,0.846,13.0,41.0,34.0,12.0,8.0,7.0,CHO,20,1,1,GSW,0.5357142857142857
0.516,0.471,0.765,17.0,46.0,38.0,14.0,11.0,3.0,MIA,23,1,1,GSW,0.5180722891566265
0.516,0.372,0.654,26.0,36.0,28.0,19.0,7.0,1.0,TOR,-18,1,0,GSW,0.5609756097560976
0.448,0.326,0.778,18.0,35.0,29.0,10.0,15.0,7.0,DAL,-8,0,0,GSW,0.3170731707317073
0.421,0.314,0.938,16.0,45.0,31.0,12.0,20.0,5.0,MIN,26,0,1,GSW,0.5975609756097561
0.347,0.231,0.615,13.0,45.0,21.0,19.0,13.0,4.0,MIN,-25,0,0,GSW,0.5975609756097561
0.535,0.426,0.833,30.0,42.0,39.0,20.0,15.0,8.0,UTA,16,0,1,GSW,0.2682926829268293
0.444,0.346,0.743,35.0,42.0,31.0,18.0,10.0,4.0,DET,-7,1,0,GSW,0.7317073170731707
0.474,0.396,0.5,2.0,33.0,27.0,20.0,8.0,6.0,PHI,-19,1,0,GSW,0.5542168674698795
0.434,0.364,0.75,20.0,45.0,23.0,15.0,8.0,4.0,PHO,4,0,1,GSW,0.5476190476190477
0.424,0.275,0.636,11.0,37.0,25.0,13.0,16.0,3.0,LAL,-6,0,0,GSW,0.6463414634146342
0.53,0.333,0.789,19.0,40.0,31.0,23.0,12.0,1.0,MEM,1,1,1,GSW,0.3048780487804878
0.462,0.34,0.765,17.0,40.0,37.0,12.0,6.0,1.0,SAS,-13,1,0,GSW,0.7560975609756098
0.448,0.364,0.5,8.0,40.0,30.0,9.0,8.0,4.0,BOS,-11,1,0,GSW,0.6829268292682927
0.511,0.404,0.917,12.0,44.0,42.0,18.0,14.0,2.0,DEN,11,1,1,GSW,0.6585365853658537
0.412,0.244,0.783,23.0,59.0,26.0,21.0,8.0,6.0,NOP,-4,0,0,GSW,0.3170731707317073
0.533,0.413,0.842,19.0,48.0,37.0,16.0,12.0,6.0,MEM,21,0,1,GSW,0.3048780487804878
0.451,0.273,0.778,9.0,40.0,32.0,11.0,6.0,4.0,LAL,-28,1,0,GSW,0.6463414634146342
0.387,0.354,0.706,17.0,40.0,26.0,14.0,7.0,2.0,LAC,-13,1,0,GSW,0.5060240963855421
0.479,0.368,0.733,15.0,47.0,29.0,19.0,10.0,5.0,HOU,2,0,1,GSW,0.6341463414634146
0.409,0.311,0.611,18.0,47.0,28.0,13.0,8.0,3.0,OKC,-7,0,0,GSW,0.7804878048780488
0.434,0.308,0.667,21.0,46.0,33.0,10.0,11.0,2.0,UTA,-3,0,0,GSW,0.2682926829268293
0.419,0.37,0.889,18.0,49.0,30.0,12.0,9.0,12.0,CHI,-6,1,0,GSW,0.3780487804878049
0.402,0.313,0.96,25.0,38.0,23.0,9.0,8.0,1.0,MIN,-10,1,0,GSW,0.5975609756097561
0.488,0.368,0.867,15.0,35.0,27.0,18.0,9.0,6.0,NYK,-3,0,0,GSW,0.6463414634146342
0.505,0.281,0.857,28.0,41.0,32.0,17.0,13.0,4.0,WAS,8,0,1,GSW,0.2073170731707317
0.4,0.233,0.708,24.0,39.0,26.0,14.0,12.0,3.0,BOS,-21,0,0,GSW,0.6829268292682927
0.461,0.364,0.731,26.0,38.0,23.0,26.0,6.0,6.0,DET,-14,0,0,GSW,0.7317073170731707
0.5,0.357,0.765,17.0,29.0,23.0,21.0,9.0,2.0,ATL,-16,0,0,GSW,0.5609756097560976
0.505,0.362,0.75,24.0,49.0,39.0,24.0,16.0,4.0,DAL,6,0,1,GSW,0.3170731707317073
0.529,0.333,0.778,36.0,43.0,21.0,26.0,11.0,3.0,BRK,3,1,1,GSW,0.24390243902439024
0.518,0.432,0.774,31.0,43.0,32.0,12.0,5.0,3.0,WAS,5,1,1,GSW,0.2073170731707317
0.422,0.333,0.818,11.0,41.0,29.0,15.0,9.0,2.0,DEN,-23,0,0,GSW,0.6585365853658537
0.488,0.4,0.833,18.0,39.0,29.0,15.0,6.0,3.0,SAS,-14,1,0,GSW,0.7560975609756098
0.436,0.273,0.85,20.0,46.0,25.0,12.0,11.0,5.0,CLE,-7,1,0,GSW,0.6341463414634146
0.5,0.35,0.9,20.0,31.0,34.0,10.0,7.0,3.0,HOU,-1,1,0,GSW,0.6341463414634146
0.451,0.447,0.792,24.0,39.0,27.0,17.0,10.0,5.0,SAC,5,1,1,GSW,0.2682926829268293
0.506,0.3,1.0,12.0,38.0,24.0,19.0,8.0,2.0,LAL,-16,1,0,GSW,0.6463414634146342
0.481,0.389,0.929,28.0,36.0,30.0,16.0,12.0,4.0,SAC,-6,0,0,GSW,0.2682926829268293
0.419,0.282,0.844,32.0,47.0,24.0,10.0,3.0,3.0,LAC,-5,0,0,GSW,0.5060240963855421
0.566,0.463,0.619,21.0,36.0,29.0,20.0,12.0,3.0,LAC,5,0,1,GSW,0.5060240963855421
0.446,0.333,0.826,23.0,39.0,22.0,21.0,5.0,0.0,PHO,-15,0,0,GSW,0.5476190476190477
0.422,0.286,0.865,37.0,34.0,25.0,16.0,7.0,6.0,TOR,-20,1,0,ATL,0.5609756097560976
0.482,0.276,0.75,28.0,40.0,26.0,16.0,9.0,5.0,ORL,4,0,1,ATL,0.5476190476190477
0.412,0.41,0.667,21.0,46.0,25.0,17.0,7.0,5.0,OKC,-17,1,0,ATL,0.7804878048780488
0.5,0.344,0.7,20.0,36.0,32.0,6.0,8.0,1.0,CHI,-5,0,0,ATL,0.3780487804878049
0.473,0.394,0.727,22.0,44.0,33.0,8.0,11.0,8.0,BRK,5,0,1,ATL,0.24390243902439024
0.543,0.333,0.8,20.0,55.0,30.0,10.0,10.0,5.0,IND,20,0,1,ATL,0.23170731707317074
0.506,0.261,0.714,35.0,46.0,28.0,23.0,9.0,3.0,CLE,-8,0,0,ATL,0.6341463414634146
0.556,0.433,0.81,42.0,34.0,23.0,20.0,11.0,6.0,ORL,15,1,1,ATL,0.5476190476190477
0.344,0.237,0.957,23.0,54.0,24.0,19.0,8.0,7.0,TOR,-12,1,0,ATL,0.5609756097560976
0.516,0.41,0.909,11.0,37.0,37.0,11.0,13.0,6.0,LAL,20,1,1,ATL,0.6463414634146342
0.452,0.382,0.8,20.0,41.0,30.0,12.0,7.0,8.0,LAC,3,0,1,ATL,0.5060240963855421
0.576,0.425,0.818,22.0,45.0,42.0,21.0,14.0,6.0,SAC,33,0,1,ATL,0.2682926829268293
0.511,0.511,0.727,22.0,43.0,36.0,18.0,18.0,6.0,UTA,10,0,1,ATL,0.2682926829268293
0.529,0.326,0.833,24.0,34.0,35.0,17.0,11.0,3.0,PHO,2,0,1,ATL,0.5476190476190477
0.483,0.341,0.867,15.0,35.0,31.0,19.0,9.0,5.0,DET,-8,1,0,ATL,0.7317073170731707
0.563,0.541,0.615,13.0,39.0,30.0,16.0,7.0,6.0,SAS,-9,0,0,ATL,0.7560975609756098
0.467,0.37,0.737,19.0,42.0,28.0,7.0,6.0,7.0,NOP,17,0,1,ATL,0.3170731707317073
0.495,0.355,0.75,16.0,37.0,32.0,9.0,6.0,5.0,CHO,3,1,1,ATL,0.5357142857142857
0.453,0.349,0.75,16.0,44.0,33.0,19.0,4.0,6.0,WAS,-19,0,0,ATL,0.2073170731707317
0.527,0.372,0.692,26.0,38.0,36.0,14.0,11.0,5.0,CLE,7,1,1,ATL,0.6341463414634146
0.462,0.333,0.756,41.0,58.0,36.0,23.0,10.0,6.0,PHI,8,0,1,ATL,0.5542168674698795
0.427,0.35,0.727,11.0,34.0,27.0,15.0,15.0,4.0,DET,-1,0,0,ATL,0.7317073170731707
0.4,0.333,0.786,14.0,38.0,20.0,16.0,9.0,1.0,LAC,-23,1,0,ATL,0.5060240963855421
0.516,0.435,0.938,16.0,45.0,35.0,14.0,8.0,2.0,DEN,-1,1,0,ATL,0.6585365853658537
0.531,0.333,1.0,14.0,45.0,36.0,15.0,13.0,4.0,WAS,15,0,1,ATL,0.2073170731707317
0.459,0.306,0.839,31.0,37.0,28.0,20.0,9.0,8.0,DET,-27,0,0,ATL,0.7317073170731707
0.434,0.515,0.81,21.0,57.0,33.0,17.0,8.0,6.0,PHI,3,1,1,ATL,0.5542168674698795
0.522,0.297,0.864,22.0,35.0,31.0,15.0,6.0,2.0,CHO,-7,0,0,ATL,0.5357142857142857
0.404,0.25,0.75,16.0,43.0,26.0,17.0,7.0,1.0,SAS,-28,1,0,ATL,0.7560975609756098
0.52,0.489,0.781,32.0,35.0,39.0,10.0,6.0,7.0,CHI,-2,1,0,ATL,0.3780487804878049
0.505,0.333,0.65,20.0,38.0,38.0,12.0,9.0,4.0,CHI,-3,1,0,ATL,0.3780487804878049
0.471,0.333,0.905,21.0,42.0,26.0,21.0,6.0,5.0,MIA,-15,1,0,ATL,0.5180722891566265
0.483,0.395,0.815,27.0,37.0,33.0,12.0,6.0,3.0,NYK,-3,1,0,ATL,0.6463414634146342
0.474,0.463,0.706,17.0,38.0,32.0,16.0,11.0,4.0,OKC,-11,0,0,ATL,0.7804878048780488
0.49,0.381,0.5,16.0,49.0,38.0,10.0,9.0,4.0,MIN,24,1,1,ATL,0.5975609756097561
0.477,0.333,0.6,25.0,49.0,31.0,13.0,12.0,2.0,NYK,12,0,1,ATL,0.6463414634146342
0.462,0.436,0.842,19.0,36.0,32.0,16.0,10.0,3.0,TOR,-17,0,0,ATL,0.5609756097560976
0.393,0.353,0.857,21.0,46.0,28.0,15.0,11.0,1.0,TOR,-18,0,0,ATL,0.5609756097560976
0.463,0.383,0.647,17.0,49.0,30.0,21.0,13.0,10.0,NOP,17,1,1,ATL,0.3170731707317073
0.489,0.372,0.5,4.0,40.0,31.0,6.0,14.0,6.0,DEN,23,0,1,ATL,0.6585365853658537
0.489,0.385,0.68,25.0,46.0,33.0,9.0,9.0,4.0,GSW,13,0,1,ATL,0.4523809523809524
0.45,0.283,0.722,18.0,32.0,30.0,6.0,11.0,1.0,LAL,-25,0,0,ATL,0.6463414634146342
0.432,0.318,0.773,22.0,40.0,23.0,20.0,10.0,4.0,POR,-16,0,0,ATL,0.5180722891566265
0.373,0.326,0.882,17.0,47.0,29.0,12.0,10.0,4.0,BOS,-26,1,0,ATL,0.6829268292682927
0.406,0.286,0.833,24.0,51.0,33.0,10.0,9.0,6.0,MIL,-2,1,0,ATL,0.3902439024390244
0.467,0.444,0.75,24.0,42.0,34.0,17.0,9.0,6.0,MEM,2,0,1,ATL,0.3048780487804878
0.531,0.5,0.688,16.0,48.0,28.0,21.0,5.0,3.0,PHO,7,1,1,ATL,0.5476190476190477
0.5,0.419,0.941,17.0,46.0,35.0,14.0,11.0,9.0,IND,16,1,1,ATL,0.23170731707317074
0.484,0.429,0.692,13.0,38.0,29.0,9.0,11.0,2.0,BOS,11,0,1,ATL,0.6829268292682927
0.366,0.308,0.857,7.0,46.0,19.0,12.0,7.0,5.0,HOU,-18,1,0,ATL,0.6341463414634146
0.474,0.393,0.75,28.0,39.0,25.0,10.0,11.0,2.0,IND,-5,0,0,ATL,0.23170731707317074
0.485,0.42,0.615,13.0,47.0,34.0,9.0,7.0,2.0,MIA,12,0,1,ATL,0.5180722891566265
0.49,0.229,0.739,23.0,50.0,34.0,10.0,3.0,10.0,UTA,2,1,1,ATL,0.2682926829268293
0.489,0.486,0.882,17.0,30.0,30.0,10.0,9.0,6.0,CHO,-7,1,0,ATL,0.5357142857142857
0.404,0.311,0.786,28.0,47.0,20.0,19.0,12.0,1.0,MIN,-22,0,0,ATL,0.5975609756097561
0.44,0.278,0.767,30.0,41.0,28.0,13.0,8.0,6.0,CHO,-3,0,0,ATL,0.5357142857142857
0.427,0.313,0.775,40.0,51.0,24.0,14.0,11.0,5.0,PHI,10,0,1,ATL,0.5542168674698795
0.379,0.421,0.6,15.0,46.0,26.0,13.0,4.0,3.0,MIA,-31,1,0,ATL,0.5180722891566265
0.483,0.394,0.857,21.0,52.0,28.0,17.0,10.0,4.0,BRK,11,1,1,ATL,0.24390243902439024
0.393,0.24,0.885,26.0,61.0,33.0,11.0,14.0,2.0,WAS,21,1,1,ATL,0.2073170731707317
0.462,0.333,0.784,37.0,56.0,30.0,14.0,12.0,8.0,WAS,30,1,1,ATL,0.2073170731707317
0.554,0.375,0.783,23.0,54.0,36.0,15.0,10.0,5.0,POR,34,1,1,ATL,0.5180722891566265
0.543,0.444,0.688,16.0,40.0,33.0,11.0,9.0,7.0,MIL,18,0,1,ATL,0.3902439024390244
0.554,0.406,0.8,25.0,39.0,32.0,21.0,11.0,2.0,PHI,9,1,1,ATL,0.5542168674698795
0.516,0.389,0.667,18.0,45.0,29.0,10.0,8.0,8.0,DAL,12,1,1,ATL,0.3170731707317073
0.393,0.3,0.743,35.0,51.0,22.0,12.0,12.0,6.0,BRK,11,1,1,ATL,0.24390243902439024
0.495,0.368,0.778,18.0,47.0,29.0,13.0,10.0,1.0,MIL,23,1,1,ATL,0.3902439024390244
0.462,0.4,0.759,29.0,54.0,33.0,14.0,5.0,3.0,ORL,12,1,1,ATL,0.5476190476190477
0.539,0.4,0.786,14.0,42.0,36.0,11.0,10.0,3.0,DAL,15,0,1,ATL,0.3170731707317073
0.424,0.257,0.824,17.0,37.0,22.0,18.0,13.0,9.0,HOU,-22,0,0,ATL,0.6341463414634146
0.539,0.325,0.85,20.0,41.0,28.0,18.0,10.0,4.0,GSW,16,1,1,ATL,0.4523809523809524
0.533,0.463,0.92,25.0,44.0,37.0,11.0,12.0,6.0,MEM,39,1,1,ATL,0.3048780487804878
0.476,0.346,0.706,17.0,50.0,31.0,20.0,8.0,1.0,DET,1,0,1,ATL,0.7317073170731707
0.391,0.357,0.792,24.0,35.0,23.0,4.0,6.0,4.0,BOS,-7,0,0,ATL,0.6829268292682927
0.506,0.39,0.773,22.0,40.0,34.0,13.0,10.0,3.0,SAC,10,1,1,ATL,0.2682926829268293
0.467,0.395,0.733,15.0,45.0,28.0,11.0,7.0,6.0,BOS,10,1,1,ATL,0.6829268292682927
0.511,0.405,0.778,27.0,51.0,27.0,17.0,15.0,6.0,ORL,29,0,1,ATL,0.5476190476190477
0.567,0.513,0.792,24.0,41.0,36.0,13.0,11.0,9.0,BRK,34,0,1,ATL,0.24390243902439024
0.4,0.381,0.765,17.0,48.0,23.0,15.0,7.0,4.0,NYK,-3,1,0,ATL,0.6463414634146342
0.48,0.353,0.667,15.0,43.0,23.0,13.0,8.0,6.0,CLE,-6,0,0,ATL,0.6341463414634146
0.484,0.364,0.72,25.0,46.0,27.0,13.0,12.0,4.0,CLE,22,1,1,ATL,0.6341463414634146
0.473,0.386,0.667,18.0,46.0,31.0,17.0,3.0,2.0,MIA,-26,0,0,ATL,0.5180722891566265
0.443,0.35,0.735,34.0,38.0,25.0,17.0,8.0,3.0,CHO,-19,0,0,BRK,0.5357142857142857
0.51,0.422,1.0,7.0,38.0,30.0,20.0,9.0,0.0,CLE,-7,1,0,BRK,0.6341463414634146
0.391,0.32,0.958,24.0,34.0,22.0,12.0,9.0,0.0,SAS,-11,0,0,BRK,0.7560975609756098
0.477,0.375,0.667,18.0,37.0,22.0,14.0,3.0,0.0,HOU,-28,0,0,BRK,0.6341463414634146
0.455,0.297,0.778,27.0,47.0,23.0,16.0,4.0,4.0,ATL,-5,1,0,BRK,0.5609756097560976
0.429,0.179,0.769,26.0,44.0,21.0,19.0,10.0,4.0,PHI,-24,1,0,BRK,0.5542168674698795
0.404,0.3,0.658,38.0,40.0,25.0,12.0,9.0,4.0,MIN,-16,1,0,BRK,0.5975609756097561
0.419,0.35,0.743,35.0,45.0,26.0,14.0,9.0,5.0,IND,9,0,1,BRK,0.23170731707317074
0.425,0.37,0.846,26.0,30.0,26.0,20.0,5.0,1.0,DET,-18,1,0,BRK,0.7317073170731707
0.402,0.311,0.75,24.0,38.0,21.0,19.0,5.0,8.0,NYK,-36,0,0,BRK,0.6463414634146342
0.395,0.341,0.969,32.0,36.0,24.0,13.0,7.0,5.0,TOR,-10,1,0,BRK,0.5609756097560976
0.427,0.256,0.75,16.0,34.0,23.0,7.0,9.0,4.0,ORL,-7,0,0,BRK,0.5476190476190477
0.532,0.415,0.8,35.0,44.0,32.0,15.0,4.0,8.0,WAS,23,0,1,BRK,0.2073170731707317
0.402,0.368,0.704,27.0,39.0,25.0,14.0,12.0,2.0,BOS,-14,1,0,BRK,0.6829268292682927
0.524,0.394,0.667,21.0,41.0,31.0,14.0,5.0,6.0,BOS,8,0,1,BRK,0.6829268292682927
0.467,0.353,0.871,31.0,40.0,23.0,19.0,5.0,7.0,TOR,-10,0,0,BRK,0.5609756097560976
0.379,0.292,0.714,28.0,44.0,19.0,10.0,5.0,1.0,NYK,-13,1,0,BRK,0.6463414634146342
0.4,0.302,0.846,26.0,41.0,21.0,18.0,5.0,5.0,PHI,-12,1,0,BRK,0.5542168674698795
0.468,0.381,0.647,17.0,31.0,23.0,20.0,4.0,4.0,MIL,-17,0,0,BRK,0.3902439024390244
0.448,0.395,0.765,17.0,43.0,33.0,11.0,10.0,3.0,CHO,13,1,1,BRK,0.5357142857142857
0.487,0.413,0.818,22.0,42.0,30.0,21.0,12.0,8.0,CHI,10,0,1,BRK,0.3780487804878049
0.427,0.262,0.763,38.0,44.0,22.0,18.0,6.0,7.0,UTA,-13,1,0,BRK,0.2682926829268293
0.528,0.4,0.786,14.0,45.0,36.0,20.0,6.0,7.0,NOP,18,1,1,BRK,0.3170731707317073
0.453,0.436,0.842,19.0,43.0,26.0,17.0,8.0,5.0,DAL,-8,0,0,BRK,0.3170731707317073
0.529,0.442,0.947,19.0,43.0,33.0,14.0,14.0,4.0,MIL,45,1,1,BRK,0.3902439024390244
0.388,0.224,0.727,11.0,49.0,24.0,13.0,7.0,7.0,MIA,-11,1,0,BRK,0.5180722891566265
0.467,0.4,0.75,16.0,48.0,29.0,22.0,7.0,4.0,TOR,15,1,1,BRK,0.5609756097560976
0.427,0.378,0.818,33.0,39.0,24.0,19.0,8.0,2.0,PHI,8,0,1,BRK,0.5542168674698795
0.548,0.275,0.952,21.0,39.0,32.0,16.0,8.0,2.0,MIN,16,0,1,BRK,0.5975609756097561
0.45,0.429,0.739,23.0,34.0,22.0,15.0,10.0,5.0,GSW,-13,1,0,BRK,0.4523809523809524
0.447,0.333,0.6,30.0,27.0,18.0,13.0,12.0,2.0,HOU,-24,1,0,BRK,0.6341463414634146
0.395,0.207,0.893,28.0,33.0,20.0,16.0,15.0,8.0,WAS,-20,0,0,BRK,0.2073170731707317
0.506,0.424,0.838,37.0,44.0,29.0,10.0,7.0,5.0,DEN,12,1,1,BRK,0.6585365853658537
0.419,0.333,0.636,22.0,44.0,23.0,21.0,11.0,8.0,ORL,-1,1,0,BRK,0.5476190476190477
0.4,0.319,0.909,11.0,39.0,26.0,12.0,12.0,4.0,LAC,-16,1,0,BRK,0.5060240963855421
0.409,0.375,0.5,16.0,43.0,25.0,10.0,10.0,6.0,MEM,-5,0,0,BRK,0.3048780487804878
0.453,0.243,0.9,20.0,43.0,23.0,17.0,5.0,8.0,DAL,-8,0,0,BRK,0.3170731707317073
0.474,0.372,0.583,12.0,43.0,24.0,11.0,3.0,5.0,NOP,-3,0,0,BRK,0.3170731707317073
0.429,0.475,0.882,17.0,47.0,30.0,14.0,7.0,4.0,CHI,3,1,1,BRK,0.3780487804878049
0.458,0.432,0.667,15.0,38.0,33.0,11.0,4.0,4.0,CHI,-22,0,0,BRK,0.3780487804878049
0.506,0.395,0.952,21.0,28.0,28.0,8.0,7.0,1.0,PHO,-9,1,0,BRK,0.5476190476190477
0.291,0.275,0.692,13.0,27.0,15.0,14.0,5.0,4.0,NYK,-54,0,0,BRK,0.6463414634146342
0.442,0.295,0.853,34.0,58.0,22.0,18.0,5.0,6.0,BOS,-4,1,0,BRK,0.6829268292682927
0.341,0.209,0.88,25.0,36.0,23.0,17.0,14.0,4.0,LAC,-37,0,0,BRK,0.5060240963855421
0.507,0.406,0.684,19.0,35.0,28.0,22.0,9.0,2.0,PHO,-4,0,0,BRK,0.5476190476190477
0.435,0.378,0.833,18.0,49.0,24.0,9.0,4.0,6.0,DEN,-4,0,0,BRK,0.6585365853658537
0.476,0.35,0.607,28.0,47.0,27.0,12.0,6.0,5.0,UTA,10,0,1,BRK,0.2682926829268293
0.329,0.226,0.815,27.0,43.0,17.0,25.0,3.0,2.0,DET,-53,0,0,BRK,0.7317073170731707
0.479,0.244,0.643,14.0,48.0,28.0,20.0,7.0,0.0,LAL,-16,1,0,BRK,0.6463414634146342
0.415,0.308,0.621,29.0,36.0,22.0,19.0,7.0,2.0,ORL,-20,0,0,BRK,0.5476190476190477
0.549,0.342,0.737,19.0,45.0,36.0,13.0,8.0,3.0,WAS,14,1,1,BRK,0.2073170731707317
0.511,0.48,0.677,31.0,47.0,28.0,20.0,10.0,6.0,CHI,8,1,1,BRK,0.3780487804878049
0.447,0.424,0.769,26.0,47.0,25.0,17.0,8.0,5.0,IND,-5,1,0,BRK,0.23170731707317074
0.345,0.286,0.625,16.0,36.0,25.0,12.0,8.0,4.0,CLE,-28,0,0,BRK,0.6341463414634146
0.367,0.171,0.808,26.0,40.0,19.0,21.0,11.0,7.0,OKC,-19,0,0,BRK,0.7804878048780488
0.447,0.353,0.727,22.0,34.0,29.0,13.0,9.0,4.0,ATL,-11,0,0,BRK,0.5609756097560976
0.513,0.406,0.704,27.0,28.0,29.0,11.0,11.0,2.0,DAL,-9,1,0,BRK,0.3170731707317073
0.461,0.382,0.882,17.0,50.0,26.0,15.0,5.0,1.0,SAS,-16,1,0,BRK,0.7560975609756098
0.489,0.412,0.688,16.0,25.0,29.0,12.0,7.0,2.0,BOS,-37,0,0,BRK,0.6829268292682927
0.507,0.344,0.75,20.0,32.0,27.0,17.0,10.0,4.0,CLE,-4,1,0,BRK,0.6341463414634146
0.384,0.188,0.867,30.0,38.0,24.0,19.0,6.0,5.0,MIA,-26,0,0,BRK,0.5180722891566265
0.432,0.39,0.667,18.0,49.0,30.0,20.0,9.0,2.0,MIA,-16,0,0,BRK,0.5180722891566265
0.438,0.333,0.964,28.0,45.0,20.0,20.0,7.0,10.0,DET,2,0,1,BRK,0.7317073170731707
0.553,0.515,0.789,19.0,43.0,35.0,20.0,10.0,9.0,MEM,11,1,1,BRK,0.3048780487804878
0.42,0.342,0.853,34.0,31.0,23.0,19.0,3.0,3.0,DET,-38,1,0,BRK,0.7317073170731707
0.472,0.343,0.773,22.0,39.0,19.0,20.0,5.0,6.0,ATL,-11,0,0,BRK,0.5609756097560976
0.36,0.349,0.857,21.0,42.0,20.0,17.0,10.0,5.0,PHI,-7,0,0,BRK,0.5542168674698795
0.384,0.265,0.69,29.0,44.0,19.0,17.0,11.0,7.0,POR,-19,1,0,BRK,0.5180722891566265
0.367,0.314,0.742,31.0,41.0,17.0,23.0,8.0,4.0,OKC,-29,1,0,BRK,0.7804878048780488
0.395,0.368,1.0,10.0,40.0,28.0,15.0,8.0,6.0,NYK,-1,1,0,BRK,0.6463414634146342
0.523,0.424,0.8,20.0,25.0,30.0,7.0,7.0,4.0,SAC,-4,0,0,BRK,0.2682926829268293
0.413,0.276,0.862,29.0,32.0,22.0,22.0,11.0,3.0,POR,-35,0,0,BRK,0.5180722891566265
0.481,0.364,0.762,21.0,27.0,24.0,17.0,17.0,2.0,GSW,-3,0,0,BRK,0.4523809523809524
0.417,0.256,0.6,15.0,39.0,24.0,14.0,11.0,2.0,LAL,-17,0,0,BRK,0.6463414634146342
0.494,0.415,0.75,20.0,40.0,30.0,15.0,10.0,4.0,SAC,17,1,1,BRK,0.2682926829268293
0.384,0.2,0.852,27.0,30.0,14.0,16.0,7.0,5.0,CHO,-31,1,0,BRK,0.5357142857142857
0.494,0.429,0.85,20.0,33.0,24.0,20.0,10.0,4.0,ATL,-34,1,0,BRK,0.5609756097560976
0.489,0.375,0.87,23.0,35.0,29.0,11.0,11.0,9.0,WAS,6,1,1,BRK,0.2073170731707317
0.44,0.346,0.913,23.0,32.0,18.0,14.0,11.0,4.0,MIL,6,1,1,BRK,0.3902439024390244
0.385,0.211,0.632,19.0,43.0,20.0,10.0,2.0,5.0,IND,-29,1,0,BRK,0.23170731707317074
0.452,0.4,0.875,16.0,37.0,28.0,11.0,7.0,2.0,MIL,-17,0,0,BRK,0.3902439024390244
0.407,0.265,0.759,29.0,38.0,21.0,16.0,9.0,0.0,TOR,-35,0,0,BRK,0.5609756097560976
0.533,0.472,0.697,33.0,50.0,33.0,17.0,5.0,5.0,BRK,19,1,1,CHO,0.24390243902439024
0.483,0.381,0.679,28.0,45.0,30.0,17.0,6.0,3.0,PHI,-4,0,0,CHO,0.5542168674698795
0.511,0.395,0.833,36.0,52.0,30.0,12.0,12.0,4.0,WAS,26,0,1,CHO,0.2073170731707317
0.444,0.4,0.826,23.0,41.0,26.0,18.0,9.0,3.0,MIA,-27,0,0,CHO,0.5180722891566265
0.506,0.367,0.8,15.0,41.0,24.0,21.0,5.0,6.0,ORL,-16,1,0,CHO,0.5476190476190477
0.395,0.289,0.889,27.0,45.0,23.0,14.0,4.0,4.0,MIN,-17,1,0,CHO,0.5975609756097561
0.489,0.419,1.0,22.0,46.0,31.0,15.0,6.0,6.0,UTA,23,1,1,CHO,0.2682926829268293
0.476,0.342,0.75,28.0,49.0,20.0,20.0,8.0,6.0,NOP,-4,0,0,CHO,0.3170731707317073
0.381,0.256,0.889,27.0,57.0,22.0,18.0,4.0,9.0,MIA,-18,0,0,CHO,0.5180722891566265
0.521,0.472,0.909,22.0,37.0,28.0,23.0,6.0,6.0,LAL,-10,1,0,CHO,0.6463414634146342
0.442,0.3,0.852,27.0,50.0,27.0,16.0,5.0,5.0,MIL,11,1,1,CHO,0.3902439024390244
0.48,0.378,0.793,29.0,39.0,31.0,13.0,11.0,1.0,MIL,-13,0,0,CHO,0.3902439024390244
0.385,0.381,0.857,7.0,42.0,23.0,15.0,6.0,5.0,OKC,-13,1,0,CHO,0.7804878048780488
0.425,0.25,0.8,30.0,48.0,19.0,16.0,11.0,9.0,TOR,-2,0,0,CHO,0.5609756097560976
0.402,0.289,0.864,22.0,48.0,28.0,13.0,7.0,2.0,IND,-9,0,0,CHO,0.23170731707317074
0.482,0.306,0.885,26.0,38.0,24.0,11.0,5.0,2.0,LAC,-15,1,0,CHO,0.5060240963855421
0.453,0.318,0.9,20.0,43.0,26.0,16.0,4.0,2.0,ATL,-3,0,0,CHO,0.5609756097560976
0.412,0.302,0.75,24.0,35.0,15.0,17.0,5.0,3.0,NYK,-28,1,0,CHO,0.6463414634146342
0.454,0.333,0.833,24.0,46.0,28.0,14.0,6.0,10.0,CHI,7,1,1,CHO,0.3780487804878049
0.441,0.256,0.897,29.0,39.0,24.0,9.0,10.0,5.0,TOR,7,1,1,CHO,0.5609756097560976
0.447,0.375,0.833,18.0,42.0,26.0,18.0,5.0,7.0,BRK,-13,0,0,CHO,0.24390243902439024
0.4,0.31,0.905,21.0,44.0,19.0,13.0,4.0,7.0,NYK,-15,0,0,CHO,0.6463414634146342
0.5,0.361,0.727,33.0,47.0,26.0,24.0,14.0,6.0,TOR,25,0,1,CHO,0.5609756097560976
0.447,0.304,0.762,21.0,47.0,24.0,14.0,7.0,3.0,DEN,-9,1,0,CHO,0.6585365853658537
0.526,0.432,0.8,10.0,32.0,30.0,9.0,5.0,3.0,CHI,-3,1,0,CHO,0.3780487804878049
0.439,0.386,0.762,21.0,53.0,28.0,18.0,9.0,7.0,CLE,8,0,1,CHO,0.6341463414634146
0.538,0.49,0.647,17.0,37.0,39.0,16.0,11.0,3.0,ATL,7,1,1,CHO,0.5609756097560976
0.315,0.317,0.85,20.0,43.0,21.0,24.0,12.0,7.0,DET,-26,0,0,CHO,0.7317073170731707
0.489,0.5,0.76,25.0,44.0,29.0,20.0,10.0,3.0,CLE,-7,0,0,CHO,0.6341463414634146
0.452,0.4,0.815,27.0,51.0,35.0,5.0,3.0,6.0,WAS,17,1,1,CHO,0.2073170731707317
0.471,0.487,0.679,28.0,53.0,23.0,15.0,3.0,6.0,ORL,15,0,1,CHO,0.5476190476190477
0.43,0.37,0.8,20.0,47.0,28.0,13.0,5.0,3.0,MIL,-10,1,0,CHO,0.3902439024390244
0.516,0.4,0.765,17.0,37.0,35.0,15.0,11.0,1.0,GSW,-7,1,0,CHO,0.4523809523809524
0.488,0.45,0.821,28.0,39.0,27.0,14.0,5.0,3.0,MIL,-1,0,0,CHO,0.3902439024390244
0.429,0.366,0.826,23.0,52.0,23.0,12.0,7.0,3.0,CHI,13,0,1,CHO,0.3780487804878049
0.532,0.514,0.92,25.0,52.0,25.0,21.0,4.0,7.0,OKC,27,0,1,CHO,0.7804878048780488
0.39,0.368,0.818,22.0,50.0,19.0,18.0,3.0,6.0,TOR,-1,1,0,CHO,0.5609756097560976
0.453,0.364,0.75,24.0,35.0,29.0,17.0,8.0,3.0,IND,-2,1,0,CHO,0.23170731707317074
0.525,0.407,0.8,25.0,65.0,35.0,13.0,10.0,5.0,UTA,55,0,1,CHO,0.2682926829268293
0.489,0.303,0.765,17.0,49.0,24.0,10.0,3.0,4.0,LAC,-8,0,0,CHO,0.5060240963855421
0.543,0.465,0.938,16.0,50.0,34.0,13.0,3.0,5.0,LAL,18,0,1,CHO,0.6463414634146342
0.457,0.364,0.824,17.0,44.0,27.0,17.0,5.0,3.0,GSW,-20,0,0,CHO,0.4523809523809524
0.494,0.324,0.846,13.0,52.0,30.0,13.0,4.0,3.0,DEN,23,0,1,CHO,0.6585365853658537
0.337,0.17,0.722,18.0,47.0,20.0,13.0,12.0,4.0,CLE,-7,1,0,CHO,0.6341463414634146
0.544,0.472,0.84,25.0,47.0,26.0,15.0,7.0,4.0,ORL,27,0,1,CHO,0.5476190476190477
0.519,0.389,0.767,30.0,46.0,30.0,21.0,8.0,3.0,WAS,4,1,1,CHO,0.2073170731707317
0.566,0.415,0.704,27.0,53.0,34.0,25.0,8.0,4.0,PHI,37,1,1,CHO,0.5542168674698795
0.489,0.405,0.875,8.0,43.0,25.0,20.0,5.0,1.0,MEM,15,0,1,CHO,0.3048780487804878
0.473,0.488,0.944,18.0,45.0,28.0,10.0,4.0,9.0,DAL,2,0,1,CHO,0.3170731707317073
0.443,0.371,0.909,22.0,51.0,30.0,12.0,5.0,5.0,SAS,5,1,1,CHO,0.7560975609756098
0.4,0.24,0.815,27.0,59.0,16.0,17.0,3.0,3.0,NOP,7,1,1,CHO,0.3170731707317073
0.414,0.395,0.909,22.0,46.0,21.0,22.0,14.0,5.0,HOU,10,0,1,CHO,0.6341463414634146
0.484,0.462,1.0,16.0,49.0,31.0,16.0,5.0,3.0,ATL,7,0,1,CHO,0.5609756097560976
0.415,0.404,1.0,17.0,39.0,22.0,21.0,4.0,3.0,DET,-6,1,0,CHO,0.7317073170731707
0.375,0.373,0.862,29.0,50.0,21.0,16.0,10.0,6.0,ATL,3,1,1,CHO,0.5609756097560976
0.429,0.333,0.833,18.0,46.0,25.0,16.0,7.0,2.0,HOU,-4,1,0,CHO,0.6341463414634146
0.391,0.357,0.955,22.0,45.0,26.0,14.0,5.0,4.0,CLE,-5,1,0,CHO,0.6341463414634146
0.494,0.543,0.72,25.0,53.0,27.0,12.0,9.0,5.0,WAS,17,0,1,CHO,0.2073170731707317
0.516,0.439,0.889,9.0,46.0,31.0,17.0,13.0,8.0,CHI,32,0,1,CHO,0.3780487804878049
0.558,0.478,0.789,19.0,46.0,35.0,17.0,10.0,4.0,IND,24,0,1,CHO,0.23170731707317074
0.418,0.381,0.68,25.0,55.0,24.0,16.0,11.0,0.0,POR,16,1,1,CHO,0.5180722891566265
0.477,0.392,0.684,19.0,49.0,32.0,15.0,11.0,7.0,DAL,27,1,1,CHO,0.3170731707317073
0.461,0.388,0.81,21.0,43.0,26.0,5.0,10.0,4.0,BOS,29,0,1,CHO,0.6829268292682927
0.427,0.365,0.95,20.0,48.0,24.0,13.0,5.0,9.0,MIA,-8,1,0,CHO,0.5180722891566265
0.42,0.333,0.667,15.0,41.0,24.0,13.0,1.0,6.0,PHO,-12,0,0,CHO,0.5476190476190477
0.386,0.368,0.84,25.0,52.0,21.0,17.0,12.0,4.0,POR,2,0,1,CHO,0.5180722891566265
0.456,0.475,0.941,17.0,41.0,29.0,16.0,8.0,1.0,SAC,8,0,1,CHO,0.2682926829268293
0.376,0.333,0.824,17.0,39.0,18.0,12.0,7.0,10.0,SAS,-13,0,0,CHO,0.7560975609756098
0.531,0.405,0.81,21.0,48.0,32.0,14.0,11.0,3.0,MIA,30,1,1,CHO,0.5180722891566265
0.525,0.478,0.889,27.0,41.0,28.0,22.0,9.0,2.0,ORL,19,1,1,CHO,0.5476190476190477
0.529,0.419,0.667,24.0,49.0,25.0,18.0,7.0,4.0,MEM,23,1,1,CHO,0.3048780487804878
0.511,0.473,0.75,16.0,57.0,32.0,15.0,7.0,5.0,SAC,44,1,1,CHO,0.2682926829268293
0.526,0.39,0.8,20.0,43.0,28.0,18.0,5.0,4.0,NYK,11,1,1,CHO,0.6463414634146342
0.375,0.309,0.781,32.0,53.0,18.0,9.0,4.0,1.0,PHI,-4,1,0,CHO,0.5542168674698795
0.434,0.279,0.789,19.0,37.0,19.0,12.0,2.0,1.0,BOS,-15,1,0,CHO,0.6829268292682927
0.471,0.308,0.92,25.0,47.0,28.0,13.0,7.0,4.0,BRK,31,0,1,CHO,0.24390243902439024
0.516,0.367,0.867,15.0,47.0,27.0,13.0,7.0,4.0,PHO,20,1,1,CHO,0.5476190476190477
0.479,0.49,0.867,15.0,48.0,31.0,10.0,8.0,7.0,IND,21,1,1,CHO,0.23170731707317074
0.489,0.422,0.867,15.0,46.0,31.0,15.0,8.0,2.0,MIN,14,0,1,CHO,0.5975609756097561
0.432,0.327,0.769,13.0,40.0,24.0,13.0,5.0,3.0,BOS,-11,0,0,CHO,0.6829268292682927
0.386,0.277,0.826,23.0,41.0,16.0,16.0,10.0,8.0,DET,-18,1,0,CHO,0.7317073170731707
0.459,0.365,0.765,17.0,46.0,27.0,18.0,7.0,7.0,NYK,14,0,1,CHO,0.6463414634146342
0.442,0.321,1.0,9.0,54.0,26.0,8.0,4.0,7.0,MIA,1,1,1,CHO,0.5180722891566265
0.337,0.267,0.88,25.0,34.0,17.0,20.0,7.0,4.0,ORL,-31,0,0,CHO,0.5476190476190477
0.448,0.367,0.813,32.0,50.0,29.0,18.0,6.0,8.0,DET,4,1,1,CHI,0.7317073170731707
0.47,0.37,0.759,29.0,46.0,26.0,20.0,13.0,2.0,ORL,12,0,1,CHI,0.5476190476190477
0.522,0.372,0.762,21.0,51.0,33.0,18.0,5.0,4.0,ATL,5,1,1,CHI,0.5609756097560976
0.538,0.438,0.778,18.0,46.0,34.0,16.0,6.0,2.0,SAC,13,1,1,CHI,0.2682926829268293
0.536,0.459,0.8,35.0,41.0,31.0,9.0,8.0,6.0,NYK,10,1,1,CHI,0.6463414634146342
0.484,0.425,0.818,11.0,46.0,28.0,14.0,7.0,3.0,NYK,-12,0,0,CHI,0.6463414634146342
0.472,0.382,0.8,20.0,48.0,26.0,18.0,11.0,9.0,PHI,2,1,1,CHI,0.5542168674698795
0.489,0.303,0.75,16.0,45.0,34.0,14.0,9.0,3.0,MIL,-16,0,0,CHI,0.3902439024390244
0.452,0.448,0.917,36.0,49.0,27.0,14.0,8.0,4.0,CLE,-6,0,0,CHI,0.6341463414634146
0.441,0.421,0.826,23.0,45.0,29.0,13.0,10.0,4.0,SAS,-4,1,0,CHI,0.7560975609756098
0.477,0.364,0.679,28.0,44.0,21.0,21.0,11.0,6.0,DET,-11,0,0,CHI,0.7317073170731707
0.454,0.38,0.938,32.0,60.0,38.0,17.0,7.0,10.0,UTA,-3,0,0,CHI,0.2682926829268293
0.471,0.358,0.789,19.0,53.0,31.0,9.0,5.0,4.0,DEN,3,0,1,CHI,0.6585365853658537
0.479,0.429,0.643,14.0,38.0,36.0,16.0,10.0,9.0,POR,1,0,1,CHI,0.5180722891566265
0.411,0.279,0.75,28.0,39.0,26.0,18.0,5.0,13.0,MIA,-36,1,0,CHI,0.5180722891566265
0.42,0.273,0.833,30.0,54.0,26.0,10.0,5.0,5.0,WAS,1,1,1,CHI,0.2073170731707317
0.524,0.4,0.75,32.0,33.0,29.0,17.0,4.0,3.0,NOP,-13,0,0,CHI,0.3170731707317073
0.474,0.222,0.8,20.0,44.0,31.0,11.0,8.0,1.0,CHO,-7,0,0,CHI,0.5357142857142857
0.448,0.412,0.563,16.0,45.0,24.0,13.0,5.0,3.0,IND,-2,0,0,CHI,0.23170731707317074
0.5,0.432,0.727,22.0,43.0,30.0,21.0,9.0,4.0,ORL,-5,0,0,CHI,0.5476190476190477
0.422,0.233,0.8,25.0,42.0,20.0,16.0,14.0,1.0,BRK,-10,1,0,CHI,0.24390243902439024
0.442,0.371,0.828,29.0,46.0,21.0,19.0,7.0,2.0,IND,-15,1,0,CHI,0.23170731707317074
0.36,0.275,0.842,19.0,38.0,24.0,15.0,12.0,4.0,GSW,-32,1,0,CHI,0.4523809523809524
0.553,0.357,0.789,19.0,44.0,29.0,12.0,3.0,6.0,CHO,3,0,1,CHI,0.5357142857142857
0.413,0.265,0.882,17.0,43.0,26.0,13.0,10.0,4.0,NOP,-10,1,0,CHI,0.3170731707317073
0.562,0.389,0.722,18.0,43.0,35.0,16.0,12.0,3.0,CLE,16,1,1,CHI,0.6341463414634146
0.52,0.383,0.8,15.0,48.0,34.0,12.0,12.0,5.0,CLE,11,0,1,CHI,0.6341463414634146
0.576,0.476,0.667,39.0,40.0,41.0,12.0,9.0,3.0,ATL,2,0,1,CHI,0.5609756097560976
0.505,0.333,0.75,28.0,48.0,35.0,16.0,4.0,5.0,ATL,3,0,1,CHI,0.5609756097560976
0.442,0.341,0.76,25.0,52.0,31.0,12.0,3.0,6.0,PHI,7,1,1,CHI,0.5542168674698795
0.419,0.342,0.75,16.0,52.0,28.0,15.0,5.0,2.0,MIL,-9,1,0,CHI,0.3902439024390244
0.409,0.342,0.857,14.0,42.0,25.0,17.0,3.0,7.0,MIN,-35,1,0,CHI,0.5975609756097561
0.511,0.349,0.735,34.0,49.0,33.0,9.0,5.0,7.0,NOP,16,1,1,CHI,0.3170731707317073
0.5,0.341,0.895,19.0,47.0,31.0,13.0,6.0,5.0,ORL,7,1,1,CHI,0.5476190476190477
0.448,0.268,0.714,14.0,43.0,32.0,11.0,9.0,5.0,CHO,-13,1,0,CHI,0.5357142857142857
0.442,0.348,0.9,10.0,45.0,25.0,13.0,2.0,4.0,BOS,-14,0,0,CHI,0.6829268292682927
0.425,0.382,0.667,9.0,45.0,27.0,17.0,5.0,8.0,DET,-15,0,0,CHI,0.7317073170731707
0.515,0.326,0.833,12.0,52.0,31.0,16.0,10.0,7.0,DAL,18,1,1,CHI,0.3170731707317073
0.436,0.324,0.826,23.0,40.0,24.0,7.0,5.0,3.0,HOU,-6,0,0,CHI,0.6341463414634146
0.511,0.395,0.81,21.0,43.0,36.0,13.0,10.0,5.0,UTA,2,1,1,CHI,0.2682926829268293
0.477,0.314,0.8,20.0,41.0,28.0,8.0,10.0,10.0,BRK,-3,0,0,CHI,0.24390243902439024
0.521,0.435,0.667,9.0,44.0,41.0,9.0,8.0,5.0,BRK,22,1,1,CHI,0.24390243902439024
0.565,0.532,0.75,12.0,42.0,40.0,12.0,10.0,11.0,LAC,28,1,1,CHI,0.5060240963855421
0.442,0.436,0.818,33.0,43.0,28.0,12.0,7.0,1.0,MIN,5,0,1,CHI,0.5975609756097561
0.506,0.467,0.875,8.0,44.0,32.0,15.0,2.0,6.0,BOS,3,1,1,CHI,0.6829268292682927
0.524,0.367,0.778,18.0,40.0,31.0,15.0,5.0,0.0,LAL,-11,1,0,CHI,0.6463414634146342
0.477,0.4,0.778,18.0,47.0,27.0,11.0,3.0,3.0,IND,-3,0,0,CHI,0.23170731707317074
0.394,0.395,0.828,29.0,52.0,25.0,16.0,5.0,4.0,MIA,-3,1,0,CHI,0.5180722891566265
0.523,0.5,0.722,18.0,43.0,34.0,24.0,8.0,5.0,MIA,7,0,1,CHI,0.5180722891566265
0.322,0.146,0.853,34.0,47.0,18.0,19.0,5.0,6.0,MIA,-43,0,0,CHI,0.5180722891566265
0.44,0.373,0.696,23.0,43.0,26.0,10.0,9.0,11.0,MIL,-16,0,0,CHI,0.3902439024390244
0.451,0.367,0.875,8.0,38.0,28.0,17.0,9.0,4.0,TOR,-16,0,0,CHI,0.5609756097560976
0.446,0.392,0.9,20.0,37.0,25.0,17.0,9.0,3.0,DEN,-16,1,0,CHI,0.6585365853658537
0.44,0.278,0.781,32.0,39.0,20.0,18.0,13.0,8.0,BRK,-8,0,0,CHI,0.24390243902439024
0.461,0.333,0.846,13.0,34.0,25.0,13.0,9.0,5.0,BOS,-19,0,0,CHI,0.6829268292682927
0.419,0.3,0.81,21.0,46.0,22.0,23.0,6.0,5.0,TOR,-9,1,0,CHI,0.5609756097560976
0.452,0.425,0.708,24.0,44.0,29.0,23.0,10.0,13.0,DET,-16,1,0,CHI,0.7317073170731707
0.395,0.348,0.714,21.0,50.0,24.0,17.0,8.0,2.0,NYK,-6,1,0,CHI,0.6463414634146342
0.427,0.4,0.867,15.0,33.0,18.0,21.0,9.0,1.0,CHO,-32,1,0,CHI,0.5357142857142857
0.5,0.3,0.767,30.0,41.0,29.0,22.0,8.0,4.0,POR,-9,1,0,CHI,0.5180722891566265
0.512,0.367,0.696,23.0,50.0,34.0,18.0,14.0,8.0,MIL,23,1,1,CHI,0.3902439024390244
0.433,0.347,0.684,19.0,53.0,27.0,19.0,3.0,3.0,OKC,-8,1,0,CHI,0.7804878048780488
0.477,0.25,0.64,25.0,46.0,23.0,13.0,8.0,3.0,PHO,2,0,1,CHI,0.5476190476190477
0.417,0.378,0.676,34.0,49.0,27.0,14.0,2.0,6.0,SAC,-16,0,0,CHI,0.2682926829268293
0.446,0.319,0.833,18.0,64.0,34.0,14.0,6.0,6.0,GSW,6,0,1,CHI,0.4523809523809524
0.537,0.417,0.813,16.0,41.0,34.0,16.0,7.0,3.0,LAL,-12,0,0,CHI,0.6463414634146342
0.442,0.293,0.923,13.0,48.0,23.0,15.0,5.0,7.0,LAC,-11,0,0,CHI,0.5060240963855421
0.516,0.375,0.857,21.0,47.0,30.0,17.0,9.0,6.0,MEM,25,1,1,CHI,0.3048780487804878
0.471,0.29,0.714,28.0,36.0,24.0,19.0,13.0,2.0,TOR,-30,1,0,CHI,0.5609756097560976
0.447,0.341,0.647,17.0,47.0,27.0,16.0,11.0,7.0,CLE,-5,1,0,CHI,0.6341463414634146
0.5,0.5,0.821,28.0,45.0,30.0,16.0,8.0,4.0,HOU,8,1,1,CHI,0.6341463414634146
0.49,0.319,0.839,31.0,48.0,30.0,14.0,3.0,3.0,PHI,-20,0,0,CHI,0.5542168674698795
0.418,0.319,0.762,21.0,47.0,25.0,12.0,4.0,5.0,OKC,-18,0,0,CHI,0.7804878048780488
0.5,0.303,0.744,43.0,53.0,26.0,23.0,8.0,11.0,MEM,-1,0,0,CHI,0.3048780487804878
0.462,0.295,0.714,21.0,35.0,26.0,11.0,7.0,7.0,SAS,-15,0,0,CHI,0.7560975609756098
0.485,0.333,0.731,26.0,46.0,22.0,20.0,6.0,4.0,IND,-19,1,0,CHI,0.23170731707317074
0.432,0.314,0.577,26.0,36.0,24.0,16.0,4.0,2.0,NYK,-40,0,0,CHI,0.6463414634146342
0.451,0.256,0.783,23.0,46.0,26.0,19.0,10.0,2.0,PHO,-10,1,0,CHI,0.5476190476190477
0.489,0.333,0.815,27.0,52.0,35.0,13.0,14.0,7.0,WAS,31,0,1,CHI,0.2073170731707317
0.462,0.3,0.96,25.0,51.0,26.0,16.0,12.0,4.0,WAS,11,0,1,CHI,0.2073170731707317
0.437,0.256,0.654,26.0,42.0,25.0,20.0,10.0,5.0,ORL,-24,1,0,CHI,0.5476190476190477
0.491,0.263,0.737,19.0,42.0,30.0,13.0,12.0,3.0,DAL,-21,0,0,CHI,0.3170731707317073
0.465,0.413,0.667,18.0,32.0,21.0,15.0,8.0,4.0,NYK,-8,0,0,CLE,0.6463414634146342
0.537,0.429,0.714,35.0,36.0,32.0,17.0,14.0,5.0,BRK,7,0,1,CLE,0.24390243902439024
0.448,0.3,0.8,35.0,44.0,23.0,17.0,10.0,2.0,MIL,5,1,1,CLE,0.3902439024390244
0.459,0.314,0.771,35.0,48.0,25.0,20.0,11.0,4.0,DET,21,0,1,CLE,0.7317073170731707
0.402,0.327,0.75,24.0,42.0,25.0,14.0,6.0,4.0,BOS,-20,0,0,CLE,0.6829268292682927
0.4,0.304,0.652,23.0,42.0,24.0,14.0,10.0,10.0,TOR,-11,1,0,CLE,0.5609756097560976
0.412,0.351,0.944,18.0,44.0,30.0,18.0,12.0,4.0,ATL,8,1,1,CLE,0.5609756097560976
0.533,0.409,0.941,17.0,34.0,33.0,15.0,9.0,7.0,PHI,11,1,1,CLE,0.5542168674698795
0.473,0.444,0.774,31.0,57.0,34.0,10.0,15.0,6.0,WAS,33,0,1,CLE,0.2073170731707317
0.489,0.37,0.731,26.0,39.0,32.0,9.0,6.0,7.0,CHI,6,1,1,CLE,0.3780487804878049
0.408,0.323,0.704,27.0,60.0,26.0,10.0,8.0,4.0,MIA,-2,0,0,CLE,0.5180722891566265
0.433,0.298,0.839,31.0,49.0,32.0,13.0,13.0,10.0,MIA,14,0,1,CLE,0.5180722891566265
0.451,0.244,0.808,26.0,37.0,26.0,12.0,7.0,6.0,TOR,-13,1,0,CLE,0.5609756097560976
0.458,0.325,0.655,29.0,49.0,24.0,21.0,7.0,9.0,MEM,8,1,1,CLE,0.3048780487804878
0.557,0.429,0.714,21.0,45.0,25.0,18.0,7.0,5.0,MIL,12,1,1,CLE,0.3902439024390244
0.444,0.308,0.625,32.0,39.0,20.0,12.0,4.0,5.0,HOU,-10,1,0,CLE,0.6341463414634146
0.483,0.371,0.778,27.0,52.0,28.0,14.0,5.0,8.0,IND,11,1,1,CLE,0.23170731707317074
0.517,0.378,0.65,20.0,41.0,28.0,14.0,10.0,4.0,LAC,15,1,1,CLE,0.5060240963855421
0.414,0.292,1.0,13.0,37.0,27.0,12.0,11.0,4.0,TOR,-11,0,0,CLE,0.5609756097560976
0.463,0.436,0.9,20.0,48.0,29.0,17.0,9.0,4.0,ATL,-7,0,0,CLE,0.5609756097560976
0.457,0.385,0.692,13.0,43.0,28.0,14.0,7.0,2.0,BOS,-2,1,0,CLE,0.6829268292682927
0.51,0.35,0.724,29.0,48.0,27.0,9.0,7.0,8.0,IND,16,0,1,CLE,0.23170731707317074
0.404,0.25,0.875,24.0,45.0,23.0,7.0,9.0,11.0,POR,-12,1,0,CLE,0.5180722891566265
0.581,0.308,0.759,29.0,48.0,32.0,15.0,10.0,4.0,SAS,13,1,1,CLE,0.7560975609756098
0.346,0.238,0.833,12.0,61.0,15.0,12.0,7.0,4.0,GSW,-5,1,0,CLE,0.4523809523809524
0.423,0.283,0.917,36.0,48.0,28.0,7.0,11.0,1.0,WAS,4,0,1,CLE,0.2073170731707317
0.4,0.316,0.793,29.0,46.0,27.0,14.0,10.0,3.0,CHO,-8,1,0,CLE,0.5357142857142857
0.483,0.308,0.833,18.0,40.0,26.0,20.0,6.0,3.0,CHI,-16,0,0,CLE,0.3780487804878049
0.475,0.359,0.789,19.0,46.0,31.0,15.0,10.0,1.0,CHI,-11,1,0,CLE,0.3780487804878049
0.552,0.545,1.0,19.0,30.0,36.0,13.0,9.0,2.0,CHO,7,1,1,CLE,0.5357142857142857
0.533,0.408,0.818,11.0,49.0,40.0,13.0,8.0,6.0,NOP,23,1,1,CLE,0.3170731707317073
0.523,0.441,0.826,23.0,45.0,30.0,14.0,7.0,0.0,NYK,-2,0,0,CLE,0.6463414634146342
0.427,0.306,0.636,11.0,42.0,23.0,15.0,10.0,6.0,HOU,-17,0,0,CLE,0.6341463414634146
0.427,0.31,0.9,20.0,47.0,29.0,14.0,12.0,4.0,SAS,12,0,1,CLE,0.7560975609756098
0.5,0.395,0.818,22.0,54.0,31.0,15.0,7.0,9.0,PHO,16,1,1,CLE,0.5476190476190477
0.5,0.41,0.579,19.0,55.0,32.0,17.0,6.0,8.0,DEN,5,1,1,CLE,0.6585365853658537
0.438,0.333,0.867,30.0,44.0,23.0,17.0,11.0,10.0,DET,-4,1,0,CLE,0.7317073170731707
0.557,0.385,0.667,18.0,48.0,33.0,19.0,7.0,6.0,IND,4,0,1,CLE,0.23170731707317074
0.527,0.333,0.714,21.0,38.0,31.0,13.0,9.0,2.0,MIN,-9,0,0,CLE,0.5975609756097561
0.598,0.484,0.84,25.0,31.0,38.0,10.0,10.0,2.0,MIN,12,1,1,CLE,0.5975609756097561
0.446,0.415,1.0,13.0,30.0,33.0,14.0,10.0,6.0,UTA,-11,1,0,CLE,0.2682926829268293
0.526,0.435,0.722,18.0,52.0,41.0,16.0,6.0,5.0,PHI,26,0,1,CLE,0.5542168674698795
0.518,0.5,0.706,17.0,42.0,38.0,18.0,7.0,5.0,PHI,2,0,1,CLE,0.5542168674698795
0.374,0.229,0.8,35.0,54.0,20.0,21.0,8.0,5.0,OKC,-32,1,0,CLE,0.7804878048780488
0.391,0.2,0.75,24.0,60.0,20.0,21.0,6.0,8.0,CHO,7,0,1,CLE,0.5357142857142857
0.458,0.361,0.815,27.0,48.0,23.0,7.0,6.0,6.0,SAC,5,1,1,CLE,0.2682926829268293
0.531,0.441,0.818,22.0,38.0,27.0,17.0,11.0,6.0,ORL,14,0,1,CLE,0.5476190476190477
0.532,0.44,0.704,27.0,45.0,23.0,16.0,6.0,5.0,ORL,16,1,1,CLE,0.5476190476190477
0.526,0.386,0.769,13.0,46.0,32.0,10.0,12.0,2.0,LAL,30,1,1,CLE,0.6463414634146342
0.464,0.313,0.727,11.0,43.0,34.0,22.0,13.0,2.0,PHO,-13,0,0,CLE,0.5476190476190477
0.549,0.471,0.737,19.0,39.0,41.0,14.0,15.0,7.0,POR,19,0,1,CLE,0.5180722891566265
0.51,0.39,0.615,13.0,44.0,30.0,9.0,17.0,5.0,LAC,33,0,1,CLE,0.5060240963855421
0.523,0.314,0.906,32.0,38.0,30.0,12.0,9.0,3.0,SAC,6,0,1,CLE,0.2682926829268293
0.467,0.333,0.818,22.0,39.0,25.0,12.0,6.0,7.0,DEN,2,0,1,CLE,0.6585365853658537
0.542,0.421,0.865,37.0,51.0,30.0,21.0,9.0,8.0,WAS,25,1,1,CLE,0.2073170731707317
0.512,0.343,0.6,20.0,56.0,27.0,14.0,7.0,7.0,BRK,28,1,1,CLE,0.24390243902439024
0.532,0.476,0.929,28.0,39.0,24.0,12.0,10.0,3.0,CHO,5,0,1,CLE,0.5357142857142857
0.483,0.333,0.737,19.0,44.0,28.0,17.0,9.0,3.0,OKC,-8,0,0,CLE,0.7804878048780488
0.425,0.371,0.733,30.0,45.0,23.0,11.0,11.0,6.0,NYK,15,1,1,CLE,0.6463414634146342
0.483,0.3,0.741,27.0,44.0,28.0,11.0,7.0,2.0,MIL,-2,0,0,CLE,0.3902439024390244
0.457,0.371,0.741,27.0,41.0,32.0,18.0,10.0,9.0,DET,-3,0,0,CLE,0.7317073170731707
0.486,0.481,0.676,37.0,38.0,25.0,17.0,9.0,7.0,BRK,4,0,1,CLE,0.24390243902439024
0.442,0.37,0.769,26.0,38.0,27.0,10.0,7.0,4.0,DET,4,1,1,CLE,0.7317073170731707
0.407,0.289,0.714,21.0,42.0,23.0,9.0,4.0,6.0,BOS,-11,1,0,CLE,0.6829268292682927
0.452,0.364,0.92,25.0,41.0,28.0,10.0,4.0,8.0,PHI,14,1,1,CLE,0.5542168674698795
0.494,0.386,0.654,26.0,42.0,24.0,10.0,3.0,5.0,ORL,-6,0,0,CLE,0.5476190476190477
0.615,0.474,0.615,13.0,45.0,32.0,14.0,12.0,4.0,DAL,33,0,1,CLE,0.3170731707317073
0.511,0.39,0.667,21.0,38.0,32.0,16.0,5.0,5.0,DAL,-10,1,0,CLE,0.3170731707317073
0.488,0.333,0.794,34.0,46.0,27.0,7.0,3.0,4.0,MIL,7,0,1,CLE,0.3902439024390244
0.44,0.341,0.677,31.0,54.0,26.0,16.0,11.0,5.0,CHI,5,0,1,CLE,0.3780487804878049
0.477,0.308,0.682,22.0,55.0,26.0,14.0,6.0,4.0,NOP,5,0,1,CLE,0.3170731707317073
0.605,0.4,0.897,29.0,33.0,24.0,8.0,7.0,4.0,ORL,5,1,1,CLE,0.5476190476190477
0.432,0.324,0.875,24.0,40.0,26.0,14.0,4.0,1.0,MIA,-17,1,0,CLE,0.5180722891566265
0.536,0.463,0.839,31.0,46.0,38.0,10.0,9.0,1.0,MIA,21,1,1,CLE,0.5180722891566265
0.522,0.188,0.815,27.0,49.0,33.0,12.0,9.0,7.0,UTA,9,0,1,CLE,0.2682926829268293
0.494,0.333,0.737,19.0,35.0,26.0,14.0,5.0,2.0,LAL,-14,0,0,CLE,0.6463414634146342
0.512,0.444,0.692,26.0,46.0,28.0,15.0,7.0,1.0,GSW,7,0,1,CLE,0.4523809523809524
0.467,0.34,0.789,19.0,46.0,26.0,10.0,8.0,6.0,IND,9,1,1,CLE,0.23170731707317074
0.584,0.375,0.703,37.0,48.0,36.0,13.0,12.0,5.0,MEM,16,0,1,CLE,0.3048780487804878
0.466,0.364,0.8,35.0,47.0,22.0,11.0,6.0,6.0,ATL,6,1,1,CLE,0.5609756097560976
0.453,0.259,0.944,18.0,40.0,25.0,19.0,8.0,6.0,ATL,-22,0,0,CLE,0.5609756097560976
0.539,0.419,0.762,21.0,53.0,31.0,20.0,8.0,4.0,WAS,13,1,1,CLE,0.2073170731707317
0.373,0.429,0.808,26.0,37.0,20.0,16.0,5.0,3.0,SAS,-33,1,0,DAL,0.7560975609756098
0.432,0.294,0.778,27.0,48.0,23.0,21.0,11.0,5.0,WAS,-10,1,0,DAL,0.2073170731707317
0.588,0.385,0.744,39.0,49.0,32.0,20.0,12.0,7.0,TOR,10,1,1,DAL,0.5609756097560976
0.379,0.308,0.727,22.0,36.0,20.0,9.0,6.0,4.0,OKC,-7,1,0,DAL,0.7804878048780488
0.456,0.208,0.811,37.0,47.0,21.0,19.0,4.0,7.0,IND,2,1,1,DAL,0.23170731707317074
0.425,0.356,0.839,31.0,43.0,23.0,15.0,3.0,3.0,DET,-12,0,0,DAL,0.7317073170731707
0.449,0.25,0.65,20.0,40.0,30.0,15.0,12.0,6.0,HOU,-8,0,0,DAL,0.6341463414634146
0.416,0.313,0.75,20.0,44.0,18.0,15.0,11.0,7.0,NOP,-2,1,0,DAL,0.3170731707317073
0.488,0.256,0.625,16.0,44.0,25.0,18.0,7.0,6.0,MEM,-14,0,0,DAL,0.3048780487804878
0.452,0.25,0.7,30.0,51.0,26.0,13.0,15.0,6.0,WAS,6,0,1,DAL,0.2073170731707317
0.416,0.231,0.756,41.0,52.0,25.0,15.0,8.0,8.0,MIL,-2,1,0,DAL,0.3902439024390244
0.5,0.362,0.647,17.0,45.0,32.0,21.0,10.0,10.0,PHO,-9,1,0,DAL,0.5476190476190477
0.444,0.278,0.763,38.0,50.0,18.0,25.0,11.0,7.0,LAC,-6,1,0,DAL,0.5060240963855421
0.505,0.441,0.675,40.0,47.0,33.0,15.0,7.0,9.0,POR,5,1,1,DAL,0.5180722891566265
0.4,0.3,0.613,31.0,43.0,13.0,20.0,7.0,4.0,MIN,-24,0,0,DAL,0.5975609756097561
0.412,0.364,0.833,30.0,50.0,23.0,18.0,6.0,5.0,NYK,-2,1,0,DAL,0.6463414634146342
0.476,0.372,0.786,28.0,47.0,30.0,20.0,9.0,9.0,NOP,3,1,1,DAL,0.3170731707317073
0.385,0.333,0.875,16.0,41.0,19.0,10.0,4.0,9.0,MEM,-6,1,0,DAL,0.3048780487804878
0.392,0.3,0.875,16.0,50.0,22.0,16.0,8.0,5.0,MIA,-4,0,0,DAL,0.5180722891566265
0.484,0.438,0.85,20.0,39.0,28.0,11.0,8.0,4.0,LAL,-10,0,0,DAL,0.6463414634146342
0.444,0.282,0.821,28.0,37.0,22.0,9.0,15.0,2.0,LAC,4,0,1,DAL,0.5060240963855421
0.558,0.516,0.643,14.0,43.0,35.0,8.0,4.0,4.0,DEN,10,0,1,DAL,0.6585365853658537
0.505,0.5,0.833,12.0,50.0,31.0,15.0,6.0,7.0,MIA,10,1,1,DAL,0.5180722891566265
0.477,0.432,0.65,20.0,35.0,28.0,12.0,2.0,3.0,OKC,-21,0,0,DAL,0.7804878048780488
0.598,0.368,0.85,20.0,31.0,22.0,13.0,13.0,4.0,HOU,13,1,1,DAL,0.6341463414634146
0.489,0.333,0.773,22.0,40.0,33.0,14.0,10.0,8.0,BRK,8,1,1,DAL,0.24390243902439024
0.49,0.333,0.683,41.0,54.0,24.0,15.0,6.0,6.0,UTA,-7,0,0,DAL,0.2682926829268293
0.449,0.185,0.861,36.0,51.0,22.0,17.0,4.0,15.0,DET,2,1,1,DAL,0.7317073170731707
0.542,0.167,0.955,22.0,44.0,24.0,18.0,5.0,7.0,PHI,-7,0,0,DAL,0.5542168674698795
0.442,0.303,0.524,21.0,57.0,29.0,17.0,9.0,5.0,NOP,-6,0,0,DAL,0.3170731707317073
0.57,0.407,0.933,15.0,36.0,34.0,11.0,9.0,2.0,DEN,1,1,1,DAL,0.6585365853658537
0.551,0.286,0.667,21.0,41.0,18.0,11.0,5.0,5.0,GSW,-10,0,0,DAL,0.4523809523809524
0.46,0.481,0.7,20.0,51.0,23.0,21.0,6.0,8.0,SAC,-6,0,0,DAL,0.2682926829268293
0.505,0.344,0.792,24.0,41.0,33.0,12.0,6.0,7.0,POR,-3,0,0,DAL,0.5180722891566265
0.447,0.214,0.9,20.0,39.0,23.0,13.0,8.0,1.0,PHI,-15,1,0,DAL,0.5542168674698795
0.55,0.381,0.778,18.0,47.0,24.0,16.0,6.0,10.0,HOU,6,1,1,DAL,0.6341463414634146
0.406,0.296,0.667,21.0,55.0,19.0,17.0,6.0,3.0,SAC,2,0,1,DAL,0.2682926829268293
0.518,0.417,0.846,13.0,47.0,30.0,21.0,4.0,2.0,UTA,-2,0,0,DAL,0.2682926829268293
0.429,0.371,0.64,25.0,42.0,25.0,14.0,7.0,6.0,CHI,-18,0,0,DAL,0.3780487804878049
0.506,0.441,0.75,16.0,37.0,28.0,14.0,9.0,3.0,BRK,8,1,1,DAL,0.24390243902439024
0.441,0.147,0.667,33.0,47.0,16.0,6.0,6.0,3.0,DEN,-9,1,0,DAL,0.6585365853658537
0.567,0.413,0.789,19.0,46.0,37.0,13.0,13.0,7.0,UTA,22,1,1,DAL,0.2682926829268293
0.538,0.439,0.611,36.0,44.0,36.0,11.0,8.0,2.0,UTA,18,1,1,DAL,0.2682926829268293
0.488,0.469,0.679,28.0,49.0,25.0,17.0,9.0,5.0,NYK,17,0,1,DAL,0.6463414634146342
0.5,0.371,0.8,30.0,54.0,25.0,22.0,6.0,6.0,GSW,8,1,1,DAL,0.4523809523809524
0.415,0.345,0.759,29.0,43.0,22.0,11.0,10.0,6.0,LAL,-6,1,0,DAL,0.6463414634146342
0.452,0.167,0.667,39.0,50.0,22.0,19.0,6.0,3.0,MIN,-13,1,0,DAL,0.5975609756097561
0.466,0.333,0.875,16.0,50.0,26.0,8.0,7.0,8.0,CHO,-2,1,0,DAL,0.5357142857142857
0.446,0.435,0.577,26.0,48.0,19.0,11.0,3.0,4.0,HOU,-4,0,0,DAL,0.6341463414634146
0.416,0.281,0.773,22.0,49.0,21.0,9.0,4.0,4.0,BOS,-10,1,0,DAL,0.6829268292682927
0.485,0.387,0.85,20.0,41.0,23.0,9.0,9.0,8.0,SAS,-12,1,0,DAL,0.7560975609756098
0.438,0.405,0.75,24.0,41.0,35.0,7.0,10.0,4.0,SAS,-13,0,0,DAL,0.7560975609756098
0.481,0.227,0.727,44.0,42.0,18.0,16.0,7.0,5.0,PHO,-9,0,0,DAL,0.5476190476190477
0.494,0.269,0.76,25.0,28.0,22.0,15.0,7.0,1.0,LAL,-20,0,0,DAL,0.6463414634146342
0.423,0.32,0.724,29.0,45.0,21.0,12.0,12.0,3.0,MIN,-11,0,0,DAL,0.5975609756097561
0.543,0.393,0.656,32.0,45.0,29.0,11.0,9.0,2.0,IND,4,0,1,DAL,0.23170731707317074
0.585,0.348,0.792,24.0,44.0,26.0,16.0,5.0,4.0,BRK,9,0,1,DAL,0.24390243902439024
0.556,0.435,0.618,34.0,42.0,23.0,18.0,4.0,3.0,SAC,-9,1,0,DAL,0.2682926829268293
0.42,0.281,0.667,33.0,46.0,24.0,21.0,4.0,4.0,MEM,-19,1,0,DAL,0.3048780487804878
0.388,0.29,0.75,16.0,49.0,20.0,17.0,6.0,1.0,OKC,-13,1,0,DAL,0.7804878048780488
0.378,0.136,0.738,42.0,42.0,19.0,15.0,7.0,4.0,CHO,-27,0,0,DAL,0.5357142857142857
0.453,0.438,0.786,28.0,44.0,28.0,13.0,6.0,9.0,ORL,-1,0,0,DAL,0.5476190476190477
0.409,0.4,0.833,12.0,45.0,23.0,10.0,2.0,5.0,BOS,-20,0,0,DAL,0.6829268292682927
0.398,0.167,0.85,20.0,47.0,22.0,19.0,5.0,7.0,TOR,-30,0,0,DAL,0.5609756097560976
0.477,0.406,0.773,22.0,43.0,28.0,14.0,6.0,0.0,ATL,-12,0,0,DAL,0.5609756097560976
0.484,0.344,0.792,24.0,60.0,25.0,20.0,8.0,9.0,MEM,8,0,1,DAL,0.3048780487804878
0.437,0.273,0.833,24.0,40.0,27.0,19.0,4.0,3.0,CLE,-33,1,0,DAL,0.6341463414634146
0.529,0.5,0.852,27.0,44.0,35.0,13.0,13.0,5.0,CLE,10,0,1,DAL,0.6341463414634146
0.423,0.359,0.643,14.0,51.0,27.0,12.0,10.0,3.0,NOP,-18,0,0,DAL,0.3170731707317073
0.488,0.393,0.862,29.0,43.0,26.0,19.0,8.0,6.0,ATL,-15,1,0,DAL,0.5609756097560976
0.471,0.382,0.759,29.0,47.0,25.0,11.0,5.0,6.0,LAC,-7,1,0,DAL,0.5060240963855421
0.586,0.444,0.65,20.0,26.0,37.0,23.0,13.0,3.0,GSW,-6,1,0,DAL,0.4523809523809524
0.495,0.343,0.794,34.0,42.0,31.0,4.0,3.0,3.0,DEN,-7,0,0,DAL,0.6585365853658537
0.444,0.292,0.7,30.0,37.0,24.0,17.0,12.0,5.0,POR,7,0,1,DAL,0.5180722891566265
0.348,0.241,0.735,34.0,53.0,21.0,15.0,6.0,3.0,MIN,-30,1,0,DAL,0.5975609756097561
0.354,0.278,0.75,28.0,50.0,18.0,14.0,12.0,4.0,MIL,-24,0,0,DAL,0.3902439024390244
0.463,0.333,0.806,31.0,41.0,25.0,13.0,9.0,5.0,ORL,-11,1,0,DAL,0.5476190476190477
0.523,0.438,0.778,36.0,38.0,27.0,7.0,11.0,5.0,LAL,6,1,1,DAL,0.6463414634146342
0.35,0.182,0.964,28.0,54.0,18.0,9.0,9.0,7.0,LAC,-13,0,0,DAL,0.5060240963855421
0.416,0.361,0.909,22.0,43.0,27.0,12.0,4.0,5.0,PHO,-5,0,0,DAL,0.5476190476190477
0.459,0.375,0.789,19.0,35.0,26.0,7.0,7.0,6.0,SAS,-19,0,0,DAL,0.7560975609756098
0.52,0.449,0.852,27.0,57.0,35.0,18.0,10.0,5.0,CHI,21,1,1,DAL,0.3780487804878049
0.537,0.4,0.929,14.0,43.0,32.0,13.0,8.0,4.0,GSW,-6,0,0,DEN,0.4523809523809524
0.512,0.29,0.905,42.0,43.0,31.0,16.0,14.0,1.0,PHO,22,1,1,DEN,0.5476190476190477
0.523,0.5,0.88,25.0,46.0,24.0,14.0,5.0,4.0,MIN,13,0,1,DEN,0.5975609756097561
0.533,0.333,0.857,14.0,56.0,40.0,14.0,6.0,4.0,NOP,34,1,1,DEN,0.3170731707317073
0.481,0.24,0.806,31.0,46.0,19.0,19.0,6.0,7.0,POR,-2,0,0,DEN,0.5180722891566265
0.515,0.316,0.75,24.0,40.0,33.0,8.0,9.0,5.0,SAC,6,1,1,DEN,0.2682926829268293
0.426,0.275,0.893,28.0,61.0,33.0,17.0,10.0,4.0,MIA,10,1,1,DEN,0.5180722891566265
0.561,0.485,0.84,25.0,41.0,34.0,9.0,8.0,4.0,GSW,25,1,1,DEN,0.4523809523809524
0.484,0.296,0.826,23.0,55.0,32.0,18.0,8.0,2.0,IND,17,1,1,DEN,0.23170731707317074
0.512,0.394,0.778,27.0,48.0,24.0,13.0,6.0,2.0,SAC,14,0,1,DEN,0.2682926829268293
0.524,0.382,0.829,35.0,42.0,22.0,12.0,9.0,3.0,LAC,14,0,1,DEN,0.5060240963855421
0.47,0.483,0.816,38.0,47.0,29.0,13.0,9.0,6.0,MIN,11,0,1,DEN,0.5975609756097561
0.474,0.389,0.84,25.0,53.0,21.0,8.0,6.0,5.0,CHI,-3,1,0,DEN,0.3780487804878049
0.554,0.355,0.815,27.0,41.0,35.0,20.0,8.0,1.0,NOP,7,0,1,DEN,0.3170731707317073
0.526,0.379,0.778,27.0,38.0,28.0,15.0,8.0,7.0,HOU,3,0,1,DEN,0.6341463414634146
0.489,0.378,0.826,23.0,38.0,28.0,13.0,1.0,3.0,SAC,-5,1,0,DEN,0.2682926829268293
0.505,0.512,0.786,14.0,46.0,32.0,14.0,5.0,3.0,MEM,10,0,1,DEN,0.3048780487804878
0.527,0.41,0.8,30.0,44.0,27.0,17.0,5.0,5.0,SAS,-3,1,0,DEN,0.7560975609756098
0.579,0.579,0.952,21.0,40.0,36.0,17.0,2.0,5.0,PHO,18,0,1,DEN,0.5476190476190477
0.475,0.324,0.833,18.0,47.0,37.0,8.0,5.0,5.0,DAL,-10,1,0,DEN,0.3170731707317073
0.59,0.607,0.769,26.0,38.0,23.0,11.0,6.0,5.0,IND,15,0,1,DEN,0.23170731707317074
0.528,0.432,0.8,30.0,42.0,28.0,12.0,9.0,6.0,ATL,1,0,1,DEN,0.5609756097560976
0.518,0.371,0.727,22.0,35.0,29.0,10.0,8.0,2.0,CHO,9,0,1,DEN,0.5357142857142857
0.591,0.414,0.69,29.0,46.0,35.0,12.0,9.0,0.0,SAC,31,0,1,DEN,0.2682926829268293
0.506,0.441,0.818,33.0,38.0,24.0,11.0,10.0,4.0,HOU,3,1,1,DEN,0.6341463414634146
0.557,0.444,0.8,15.0,40.0,31.0,15.0,7.0,3.0,ORL,11,1,1,DEN,0.5476190476190477
0.402,0.276,0.826,23.0,39.0,21.0,11.0,9.0,2.0,HOU,-14,1,0,DEN,0.6341463414634146
0.5,0.511,0.76,25.0,51.0,37.0,11.0,8.0,7.0,UTA,23,1,1,DEN,0.2682926829268293
0.575,0.488,1.0,10.0,34.0,39.0,15.0,8.0,1.0,DAL,-1,0,0,DEN,0.3170731707317073
0.465,0.442,0.906,32.0,45.0,31.0,17.0,6.0,5.0,MIN,4,1,1,DEN,0.5975609756097561
0.512,0.379,0.9,30.0,49.0,27.0,16.0,5.0,3.0,ORL,-1,0,0,DEN,0.5476190476190477
0.528,0.355,0.818,22.0,36.0,29.0,10.0,5.0,4.0,MIA,-24,0,0,DEN,0.5180722891566265
0.425,0.294,0.824,34.0,47.0,17.0,11.0,5.0,5.0,TOR,3,0,1,DEN,0.5609756097560976
0.426,0.362,0.846,13.0,32.0,26.0,9.0,8.0,3.0,CLE,-5,0,0,DEN,0.6341463414634146
0.482,0.355,0.786,28.0,33.0,29.0,10.0,4.0,5.0,BRK,-12,0,0,DEN,0.24390243902439024
0.531,0.486,0.75,28.0,38.0,26.0,19.0,6.0,6.0,PHI,1,0,1,DEN,0.5542168674698795
0.448,0.455,0.667,24.0,39.0,27.0,9.0,7.0,8.0,BOS,4,0,1,DEN,0.6829268292682927
0.417,0.344,0.8,20.0,44.0,22.0,19.0,6.0,2.0,ATL,-23,1,0,DEN,0.5609756097560976
0.402,0.4,0.774,31.0,45.0,23.0,9.0,5.0,5.0,MIL,4,1,1,DEN,0.3902439024390244
0.488,0.4,0.813,32.0,32.0,24.0,7.0,8.0,3.0,NOP,6,0,1,DEN,0.3170731707317073
0.494,0.421,0.818,22.0,39.0,21.0,9.0,4.0,1.0,DAL,9,0,1,DEN,0.3170731707317073
0.529,0.4,0.739,23.0,38.0,31.0,13.0,7.0,4.0,WAS,6,1,1,DEN,0.2073170731707317
0.405,0.211,0.833,18.0,29.0,21.0,8.0,7.0,5.0,CHO,-23,1,0,DEN,0.5357142857142857
0.448,0.405,0.737,19.0,31.0,27.0,5.0,6.0,7.0,LAL,-8,1,0,DEN,0.6463414634146342
0.446,0.346,0.923,26.0,46.0,22.0,14.0,9.0,6.0,WAS,10,0,1,DEN,0.2073170731707317
0.402,0.293,0.87,23.0,47.0,27.0,8.0,8.0,3.0,MIL,2,0,1,DEN,0.3902439024390244
0.476,0.345,0.739,23.0,49.0,22.0,15.0,4.0,9.0,DET,-2,1,0,DEN,0.7317073170731707
0.475,0.5,0.72,25.0,41.0,24.0,7.0,6.0,4.0,BRK,4,1,1,DEN,0.24390243902439024
0.548,0.571,0.813,32.0,43.0,30.0,13.0,7.0,4.0,LAC,13,1,1,DEN,0.5060240963855421
0.494,0.457,0.708,24.0,39.0,29.0,18.0,9.0,4.0,OKC,-10,1,0,DEN,0.7804878048780488
0.446,0.333,0.86,43.0,43.0,20.0,10.0,7.0,10.0,DET,-3,0,0,DEN,0.7317073170731707
0.438,0.26,0.815,27.0,51.0,29.0,16.0,8.0,3.0,NYK,-7,0,0,DEN,0.6463414634146342
0.576,0.485,0.667,33.0,41.0,37.0,14.0,7.0,7.0,CHI,16,0,1,DEN,0.3780487804878049
0.447,0.325,0.8,35.0,46.0,25.0,14.0,9.0,1.0,CLE,-2,1,0,DEN,0.6341463414634146
0.531,0.455,0.813,32.0,46.0,29.0,15.0,2.0,1.0,MEM,6,1,1,DEN,0.3048780487804878
0.453,0.325,0.742,31.0,45.0,29.0,17.0,8.0,2.0,LAC,-1,0,0,DEN,0.5060240963855421
0.573,0.512,0.813,32.0,60.0,41.0,16.0,12.0,3.0,POR,54,0,1,DEN,0.5180722891566265
0.462,0.258,0.862,29.0,44.0,25.0,17.0,13.0,3.0,GSW,-11,0,0,DEN,0.4523809523809524
0.419,0.349,0.556,18.0,54.0,28.0,9.0,4.0,4.0,BOS,19,1,1,DEN,0.6829268292682927
0.417,0.375,0.773,22.0,51.0,27.0,18.0,10.0,6.0,OKC,-6,0,0,DEN,0.7804878048780488
0.482,0.273,0.741,27.0,44.0,21.0,14.0,2.0,4.0,MIN,-9,1,0,DEN,0.5975609756097561
0.541,0.41,0.914,35.0,38.0,25.0,15.0,4.0,2.0,UTA,3,0,1,DEN,0.2682926829268293
0.52,0.452,0.903,31.0,41.0,27.0,18.0,3.0,1.0,LAL,7,1,1,DEN,0.6463414634146342
0.446,0.2,0.7,30.0,31.0,30.0,15.0,6.0,1.0,NYK,-39,1,0,DEN,0.6463414634146342
0.459,0.405,0.724,29.0,56.0,29.0,8.0,3.0,3.0,OKC,-3,0,0,DEN,0.7804878048780488
0.552,0.531,0.727,22.0,42.0,36.0,10.0,12.0,4.0,HOU,36,1,1,DEN,0.6341463414634146
0.5,0.333,0.947,38.0,47.0,27.0,10.0,8.0,4.0,SAS,5,0,1,DEN,0.7560975609756098
0.463,0.388,0.818,22.0,41.0,33.0,16.0,13.0,5.0,LAL,-2,0,0,DEN,0.6463414634146342
0.5,0.485,0.71,31.0,53.0,35.0,14.0,5.0,2.0,PHI,28,1,1,DEN,0.5542168674698795
0.489,0.361,0.773,22.0,46.0,34.0,19.0,6.0,5.0,MEM,-7,0,0,DEN,0.3048780487804878
0.543,0.467,0.76,25.0,38.0,26.0,10.0,5.0,2.0,TOR,6,1,1,DEN,0.5609756097560976
0.544,0.391,0.923,13.0,42.0,37.0,11.0,6.0,3.0,POR,16,1,1,DEN,0.5180722891566265
0.511,0.406,0.733,30.0,50.0,35.0,10.0,2.0,2.0,PHO,2,0,1,DEN,0.5476190476190477
0.562,0.5,0.793,29.0,45.0,36.0,9.0,1.0,1.0,DAL,7,1,1,DEN,0.3170731707317073
0.474,0.396,0.813,32.0,50.0,34.0,15.0,5.0,4.0,UTA,6,1,1,DEN,0.2682926829268293
0.5,0.475,0.917,12.0,40.0,31.0,12.0,11.0,4.0,GSW,23,1,1,DEN,0.4523809523809524
0.484,0.41,0.839,31.0,53.0,30.0,14.0,9.0,4.0,UTA,13,0,1,DEN,0.2682926829268293
0.485,0.413,0.864,22.0,44.0,34.0,6.0,5.0,6.0,SAS,2,1,1,DEN,0.7560975609756098
0.515,0.316,0.875,24.0,45.0,37.0,12.0,10.0,5.0,POR,5,1,1,DEN,0.5180722891566265
0.589,0.389,0.762,21.0,52.0,31.0,12.0,6.0,5.0,MEM,17,1,1,DEN,0.3048780487804878
0.505,0.488,0.923,13.0,49.0,28.0,17.0,10.0,7.0,OKC,20,1,1,DEN,0.7804878048780488
0.5,0.367,0.773,22.0,58.0,30.0,12.0,4.0,5.0,SAS,10,0,1,DEN,0.7560975609756098
0.443,0.292,0.692,26.0,46.0,29.0,10.0,8.0,10.0,CHI,-4,0,0,DET,0.3780487804878049
0.467,0.41,0.652,23.0,48.0,26.0,18.0,6.0,11.0,HOU,4,0,1,DET,0.6341463414634146
0.419,0.265,0.889,36.0,55.0,22.0,16.0,7.0,5.0,BOS,6,1,1,DET,0.6829268292682927
0.379,0.324,0.667,27.0,48.0,20.0,26.0,12.0,4.0,CLE,-21,1,0,DET,0.6341463414634146
0.495,0.406,0.882,34.0,46.0,29.0,14.0,11.0,8.0,ORL,19,1,1,DET,0.5476190476190477
0.495,0.375,0.676,34.0,47.0,29.0,8.0,10.0,4.0,DAL,12,1,1,DET,0.3170731707317073
0.506,0.323,0.69,29.0,43.0,23.0,14.0,11.0,9.0,MEM,8,0,1,DET,0.3048780487804878
0.495,0.367,0.591,22.0,52.0,24.0,13.0,5.0,6.0,UTA,11,1,1,DET,0.2682926829268293
0.576,0.231,0.7,30.0,46.0,32.0,13.0,14.0,1.0,BRK,18,0,1,DET,0.24390243902439024
0.476,0.433,0.714,28.0,37.0,23.0,16.0,12.0,5.0,PHI,3,0,1,DET,0.5542168674698795
0.412,0.317,0.789,38.0,63.0,27.0,16.0,16.0,5.0,WAS,2,1,1,DET,0.2073170731707317
0.556,0.433,0.688,16.0,44.0,30.0,19.0,13.0,5.0,CHI,11,1,1,DET,0.3780487804878049
0.446,0.415,0.833,18.0,46.0,32.0,14.0,9.0,7.0,PHI,9,1,1,DET,0.5542168674698795
0.545,0.257,0.733,30.0,43.0,29.0,17.0,9.0,8.0,IND,15,1,1,DET,0.23170731707317074
0.542,0.323,0.833,24.0,39.0,28.0,15.0,12.0,4.0,ATL,8,0,1,DET,0.5609756097560976
0.628,0.533,0.625,24.0,32.0,31.0,14.0,10.0,6.0,MIL,13,0,1,DET,0.3902439024390244
0.5,0.36,0.784,37.0,45.0,24.0,17.0,8.0,4.0,IND,5,0,1,DET,0.23170731707317074
0.398,0.306,0.806,36.0,56.0,20.0,13.0,5.0,7.0,BOS,-3,0,0,DET,0.6829268292682927
0.44,0.393,0.774,31.0,49.0,22.0,24.0,7.0,8.0,ORL,-3,1,0,DET,0.5476190476190477
0.591,0.423,0.739,23.0,43.0,29.0,21.0,11.0,3.0,MIA,3,0,1,DET,0.5180722891566265
0.442,0.192,0.75,24.0,60.0,18.0,23.0,11.0,9.0,ATL,1,1,1,DET,0.5609756097560976
0.4,0.326,0.792,24.0,44.0,25.0,15.0,8.0,5.0,MIL,-4,0,0,DET,0.3902439024390244
0.463,0.417,0.75,48.0,37.0,24.0,14.0,8.0,7.0,POR,6,1,1,DET,0.5180722891566265
0.5,0.375,0.742,31.0,53.0,31.0,16.0,5.0,4.0,MIL,12,1,1,DET,0.3902439024390244
0.582,0.414,0.828,29.0,40.0,34.0,14.0,16.0,6.0,ATL,27,1,1,DET,0.5609756097560976
0.461,0.361,0.68,25.0,39.0,21.0,11.0,9.0,3.0,BOS,7,0,1,DET,0.6829268292682927
0.385,0.182,0.7,20.0,62.0,26.0,12.0,11.0,4.0,DAL,-2,0,0,DET,0.3170731707317073
0.441,0.214,0.75,32.0,61.0,23.0,20.0,16.0,10.0,CHO,26,1,1,DET,0.5357142857142857
0.436,0.233,0.625,24.0,48.0,28.0,10.0,11.0,7.0,POR,8,0,1,DET,0.5180722891566265
0.537,0.438,0.714,28.0,42.0,38.0,15.0,9.0,8.0,SAC,9,0,1,DET,0.2682926829268293
0.522,0.486,0.652,23.0,41.0,38.0,17.0,11.0,10.0,UTA,-2,0,0,DET,0.2682926829268293
0.415,0.241,0.857,28.0,45.0,18.0,13.0,9.0,6.0,LAC,-13,0,0,DET,0.5060240963855421
0.632,0.458,0.724,29.0,37.0,30.0,20.0,12.0,4.0,LAL,22,0,1,DET,0.6463414634146342
0.475,0.346,0.871,31.0,40.0,25.0,21.0,11.0,9.0,MIA,-6,1,0,DET,0.5180722891566265
0.411,0.375,1.0,21.0,45.0,25.0,17.0,11.0,9.0,CLE,4,0,1,DET,0.6341463414634146
0.547,0.516,0.688,16.0,44.0,25.0,16.0,12.0,11.0,NYK,31,1,1,DET,0.6463414634146342
0.489,0.364,0.75,8.0,39.0,35.0,9.0,10.0,8.0,CHI,15,1,1,DET,0.3780487804878049
0.398,0.229,0.72,25.0,47.0,21.0,25.0,18.0,13.0,LAC,-6,1,0,DET,0.5060240963855421
0.469,0.281,0.622,37.0,54.0,25.0,17.0,10.0,7.0,PHO,3,1,1,DET,0.5476190476190477
0.495,0.471,0.684,19.0,51.0,32.0,19.0,15.0,6.0,IND,43,1,1,DET,0.23170731707317074
0.432,0.314,0.739,23.0,41.0,24.0,8.0,9.0,9.0,BOS,1,1,1,DET,0.6829268292682927
0.443,0.385,0.792,24.0,47.0,26.0,20.0,12.0,8.0,NOP,8,0,1,DET,0.3170731707317073
0.476,0.219,0.708,24.0,35.0,22.0,17.0,9.0,4.0,HOU,-7,1,0,DET,0.6341463414634146
0.549,0.516,0.821,28.0,43.0,31.0,19.0,15.0,5.0,SAC,23,1,1,DET,0.2682926829268293
0.468,0.194,0.833,18.0,41.0,24.0,7.0,10.0,3.0,DEN,2,0,1,DET,0.6585365853658537
0.425,0.207,0.762,21.0,37.0,26.0,9.0,8.0,2.0,PHO,-18,0,0,DET,0.5476190476190477
0.484,0.385,0.806,36.0,53.0,31.0,16.0,13.0,3.0,GSW,7,0,1,DET,0.4523809523809524
0.565,0.375,0.759,29.0,43.0,33.0,8.0,17.0,6.0,BRK,53,1,1,DET,0.24390243902439024
0.457,0.414,0.867,30.0,43.0,27.0,9.0,9.0,4.0,DEN,3,1,1,DET,0.6585365853658537
0.466,0.273,0.788,33.0,47.0,22.0,15.0,11.0,5.0,WAS,-9,1,0,DET,0.2073170731707317
0.53,0.425,0.867,15.0,44.0,31.0,13.0,10.0,6.0,NYK,38,1,1,DET,0.6463414634146342
0.471,0.2,0.821,28.0,41.0,20.0,10.0,12.0,3.0,CHO,6,0,1,DET,0.5357142857142857
0.461,0.412,0.68,25.0,47.0,24.0,16.0,10.0,8.0,TOR,18,0,1,DET,0.5609756097560976
0.516,0.433,0.85,20.0,44.0,30.0,15.0,9.0,8.0,NYK,15,0,1,DET,0.6463414634146342
0.486,0.448,0.733,15.0,50.0,34.0,14.0,12.0,6.0,CHI,16,0,1,DET,0.3780487804878049
0.377,0.194,0.842,19.0,55.0,21.0,16.0,7.0,8.0,SAS,-11,1,0,DET,0.7560975609756098
0.539,0.333,0.731,26.0,52.0,29.0,17.0,9.0,12.0,OKC,8,1,1,DET,0.7804878048780488
0.46,0.222,0.727,33.0,56.0,26.0,16.0,14.0,6.0,CLE,3,1,1,DET,0.6341463414634146
0.452,0.133,0.75,24.0,56.0,24.0,14.0,14.0,6.0,ORL,14,0,1,DET,0.5476190476190477
0.506,0.375,0.759,29.0,44.0,29.0,14.0,9.0,7.0,CLE,-4,0,0,DET,0.6341463414634146
0.402,0.429,0.8,30.0,44.0,20.0,10.0,4.0,4.0,SAS,-15,0,0,DET,0.7560975609756098
0.424,0.385,0.742,31.0,37.0,21.0,14.0,14.0,6.0,BRK,-2,1,0,DET,0.24390243902439024
0.444,0.297,0.792,24.0,39.0,26.0,12.0,5.0,12.0,MIA,-11,0,0,DET,0.5180722891566265
0.565,0.516,0.765,34.0,40.0,36.0,9.0,12.0,3.0,BRK,38,0,1,DET,0.24390243902439024
0.539,0.4,0.955,22.0,40.0,37.0,17.0,10.0,7.0,PHI,22,1,1,DET,0.5542168674698795
0.543,0.343,0.778,18.0,52.0,36.0,19.0,12.0,6.0,MEM,16,1,1,DET,0.3048780487804878
0.482,0.385,0.667,24.0,39.0,23.0,13.0,6.0,5.0,TOR,-11,0,0,DET,0.5609756097560976
0.511,0.407,0.844,32.0,50.0,31.0,13.0,8.0,4.0,WAS,13,0,1,DET,0.2073170731707317
0.454,0.3,0.769,26.0,56.0,32.0,10.0,11.0,8.0,WAS,22,0,1,DET,0.2073170731707317
0.523,0.238,0.69,29.0,35.0,29.0,15.0,16.0,4.0,GSW,14,1,1,DET,0.4523809523809524
0.455,0.423,0.917,24.0,37.0,31.0,11.0,6.0,4.0,LAL,3,1,1,DET,0.6463414634146342
0.51,0.273,0.842,19.0,43.0,33.0,14.0,12.0,5.0,ATL,-1,1,0,DET,0.5609756097560976
0.565,0.536,0.783,23.0,45.0,34.0,19.0,9.0,6.0,NOP,21,1,1,DET,0.3170731707317073
0.524,0.385,0.765,17.0,52.0,28.0,20.0,11.0,9.0,MIN,22,0,1,DET,0.5975609756097561
0.423,0.372,0.522,23.0,46.0,30.0,16.0,12.0,8.0,OKC,-4,0,0,DET,0.7804878048780488
0.603,0.565,0.867,30.0,34.0,33.0,21.0,7.0,5.0,TOR,11,1,1,DET,0.5609756097560976
0.477,0.435,0.724,29.0,48.0,29.0,15.0,7.0,7.0,MIN,5,1,1,DET,0.5975609756097561
0.494,0.393,0.792,24.0,45.0,33.0,12.0,12.0,4.0,PHI,23,0,1,DET,0.5542168674698795
0.494,0.333,0.684,19.0,35.0,32.0,21.0,10.0,7.0,ORL,-16,0,0,DET,0.5476190476190477
0.571,0.467,0.9,30.0,46.0,38.0,12.0,9.0,10.0,MIL,26,1,1,DET,0.3902439024390244
0.506,0.333,0.731,26.0,49.0,29.0,15.0,13.0,8.0,CHO,18,0,1,DET,0.5357142857142857
0.562,0.455,0.818,22.0,48.0,35.0,18.0,12.0,6.0,IND,12,0,1,DET,0.23170731707317074
0.443,0.282,0.871,31.0,52.0,23.0,25.0,6.0,5.0,OKC,-1,0,0,HOU,0.7804878048780488
0.386,0.455,0.771,48.0,45.0,15.0,14.0,14.0,2.0,DET,-4,1,0,HOU,0.7317073170731707
0.576,0.5,0.885,26.0,39.0,33.0,10.0,10.0,4.0,BRK,28,1,1,HOU,0.24390243902439024
0.575,0.433,0.765,34.0,53.0,31.0,17.0,9.0,8.0,TOR,18,0,1,HOU,0.5609756097560976
0.545,0.655,0.714,35.0,53.0,30.0,20.0,6.0,11.0,BOS,27,0,1,HOU,0.6829268292682927
0.461,0.276,0.667,30.0,54.0,23.0,17.0,9.0,7.0,DAL,8,1,1,HOU,0.3170731707317073
0.475,0.433,0.833,18.0,54.0,29.0,13.0,9.0,3.0,MEM,15,0,1,HOU,0.3048780487804878
0.459,0.481,0.905,21.0,41.0,25.0,24.0,12.0,4.0,SAS,-11,0,0,HOU,0.7560975609756098
0.533,0.385,0.762,21.0,50.0,24.0,18.0,8.0,3.0,MIL,7,0,1,HOU,0.3902439024390244
0.531,0.486,0.696,23.0,53.0,32.0,12.0,9.0,6.0,WAS,23,1,1,HOU,0.2073170731707317
0.5,0.378,0.85,20.0,49.0,26.0,6.0,16.0,6.0,POR,24,1,1,HOU,0.5180722891566265
0.42,0.4,0.862,29.0,60.0,19.0,15.0,4.0,4.0,ORL,4,1,1,HOU,0.5476190476190477
0.456,0.375,0.852,27.0,51.0,23.0,13.0,9.0,4.0,CLE,10,0,1,HOU,0.6341463414634146
0.441,0.389,0.65,20.0,41.0,21.0,16.0,8.0,2.0,DEN,-3,1,0,HOU,0.6585365853658537
0.489,0.419,0.882,17.0,41.0,26.0,16.0,13.0,4.0,PHO,22,0,1,HOU,0.5476190476190477
0.394,0.282,0.625,24.0,53.0,24.0,10.0,7.0,3.0,GSW,4,0,1,HOU,0.4523809523809524
0.529,0.355,0.788,33.0,50.0,30.0,16.0,14.0,7.0,UTA,28,0,1,HOU,0.2682926829268293
0.441,0.294,0.805,41.0,46.0,27.0,13.0,6.0,8.0,UTA,-8,0,0,HOU,0.2682926829268293
0.527,0.313,0.833,24.0,62.0,24.0,18.0,10.0,8.0,SAC,26,1,1,HOU,0.2682926829268293
0.592,0.556,0.895,19.0,40.0,25.0,23.0,9.0,8.0,PHO,19,1,1,HOU,0.5476190476190477
0.506,0.345,0.846,13.0,37.0,22.0,20.0,8.0,6.0,DAL,-13,0,0,HOU,0.3170731707317073
0.462,0.353,0.81,21.0,51.0,26.0,19.0,9.0,1.0,LAC,2,1,1,HOU,0.5060240963855421
0.505,0.48,0.731,26.0,46.0,29.0,16.0,7.0,8.0,DEN,-3,0,0,HOU,0.6585365853658537
0.467,0.313,0.667,27.0,58.0,30.0,20.0,6.0,8.0,NOP,-5,0,0,HOU,0.3170731707317073
0.506,0.543,0.783,23.0,47.0,24.0,19.0,6.0,8.0,DEN,14,0,1,HOU,0.6585365853658537
0.479,0.421,0.75,24.0,47.0,31.0,15.0,9.0,2.0,SAC,-1,0,0,HOU,0.2682926829268293
0.5,0.3,0.722,18.0,42.0,25.0,13.0,5.0,6.0,LAC,-20,0,0,HOU,0.5060240963855421
0.533,0.333,0.789,19.0,48.0,24.0,16.0,10.0,6.0,LAL,23,0,1,HOU,0.6463414634146342
0.489,0.457,0.714,21.0,51.0,27.0,17.0,12.0,9.0,CLE,17,1,1,HOU,0.6341463414634146
0.59,0.37,0.75,24.0,50.0,21.0,19.0,4.0,6.0,IND,7,1,1,HOU,0.23170731707317074
0.573,0.414,0.778,18.0,45.0,28.0,14.0,8.0,7.0,BRK,24,0,1,HOU,0.24390243902439024
0.387,0.244,0.8,15.0,51.0,24.0,9.0,13.0,7.0,DAL,-6,0,0,HOU,0.3170731707317073
0.437,0.243,0.714,21.0,51.0,20.0,16.0,5.0,1.0,PHO,3,1,1,HOU,0.5476190476190477
0.374,0.222,0.69,29.0,57.0,20.0,14.0,8.0,7.0,POR,-1,0,0,HOU,0.5180722891566265
0.417,0.227,0.625,24.0,56.0,21.0,13.0,8.0,8.0,POR,-6,0,0,HOU,0.5180722891566265
0.429,0.233,0.655,29.0,44.0,23.0,13.0,4.0,5.0,SAC,-13,0,0,HOU,0.2682926829268293
0.511,0.292,0.759,29.0,50.0,24.0,9.0,5.0,2.0,CHI,6,1,1,HOU,0.3780487804878049
0.337,0.292,0.824,17.0,60.0,17.0,16.0,10.0,7.0,OKC,-20,1,0,HOU,0.7804878048780488
0.464,0.429,0.588,34.0,42.0,19.0,14.0,10.0,5.0,MIN,5,1,1,HOU,0.5975609756097561
0.5,0.361,0.727,22.0,47.0,22.0,15.0,9.0,4.0,NOP,9,1,1,HOU,0.3170731707317073
0.518,0.37,0.682,22.0,43.0,29.0,14.0,5.0,9.0,SAS,5,1,1,HOU,0.7560975609756098
0.465,0.45,0.5,24.0,46.0,33.0,17.0,13.0,5.0,PHI,-6,0,0,HOU,0.5542168674698795
0.494,0.346,0.8,30.0,43.0,21.0,17.0,11.0,7.0,DET,7,0,1,HOU,0.7317073170731707
0.446,0.297,0.75,20.0,57.0,29.0,16.0,9.0,3.0,MEM,9,1,1,HOU,0.3048780487804878
0.394,0.348,0.722,18.0,46.0,23.0,14.0,12.0,8.0,SAS,-12,1,0,HOU,0.7560975609756098
0.424,0.387,0.7,20.0,59.0,23.0,12.0,8.0,14.0,ATL,18,0,1,HOU,0.5609756097560976
0.417,0.385,0.733,15.0,53.0,33.0,6.0,10.0,6.0,DAL,4,1,1,HOU,0.3170731707317073
0.46,0.318,0.838,37.0,56.0,21.0,16.0,7.0,6.0,IND,4,0,1,HOU,0.23170731707317074
0.415,0.367,0.636,22.0,38.0,16.0,10.0,10.0,5.0,BOS,-21,1,0,HOU,0.6829268292682927
0.458,0.348,0.75,20.0,40.0,24.0,18.0,17.0,5.0,CHO,-10,1,0,HOU,0.5357142857142857
0.458,0.349,0.75,28.0,41.0,25.0,15.0,12.0,5.0,OKC,6,0,1,HOU,0.7804878048780488
0.456,0.5,0.889,18.0,44.0,19.0,18.0,7.0,5.0,LAC,7,1,1,HOU,0.5060240963855421
0.463,0.333,0.778,18.0,45.0,25.0,21.0,3.0,9.0,LAC,-3,1,0,HOU,0.5060240963855421
0.494,0.281,0.923,13.0,39.0,19.0,11.0,15.0,8.0,CHO,4,0,1,HOU,0.5357142857142857
0.475,0.387,0.783,23.0,44.0,24.0,20.0,5.0,6.0,NYK,-2,0,0,HOU,0.6463414634146342
0.57,0.45,0.818,11.0,53.0,34.0,27.0,10.0,8.0,UTA,20,1,1,HOU,0.2682926829268293
0.547,0.436,0.895,19.0,44.0,29.0,13.0,6.0,8.0,SAC,31,1,1,HOU,0.2682926829268293
0.524,0.379,0.8,20.0,41.0,24.0,13.0,7.0,9.0,ORL,5,0,1,HOU,0.5476190476190477
0.432,0.25,0.667,21.0,47.0,26.0,11.0,6.0,2.0,MIA,-10,0,0,HOU,0.5180722891566265
0.489,0.36,0.857,28.0,59.0,21.0,21.0,10.0,5.0,WAS,5,0,1,HOU,0.2073170731707317
0.458,0.412,0.733,15.0,49.0,26.0,18.0,11.0,2.0,GSW,-2,1,0,HOU,0.4523809523809524
0.539,0.263,0.731,26.0,44.0,23.0,22.0,9.0,9.0,POR,7,1,1,HOU,0.5180722891566265
0.483,0.286,0.875,32.0,37.0,25.0,12.0,5.0,5.0,SAS,-25,0,0,HOU,0.7560975609756098
0.5,0.417,0.778,27.0,52.0,21.0,18.0,8.0,4.0,TOR,14,1,1,HOU,0.5609756097560976
0.433,0.121,0.357,14.0,44.0,25.0,16.0,7.0,6.0,DEN,-36,0,0,HOU,0.6585365853658537
0.426,0.341,0.765,17.0,52.0,25.0,12.0,8.0,8.0,NOP,2,1,1,HOU,0.3170731707317073
0.481,0.192,0.733,15.0,44.0,21.0,24.0,9.0,3.0,LAL,-8,1,0,HOU,0.6463414634146342
0.495,0.344,0.882,17.0,38.0,26.0,12.0,10.0,1.0,LAL,-8,1,0,HOU,0.6463414634146342
0.506,0.467,0.679,28.0,51.0,33.0,20.0,11.0,5.0,ATL,22,1,1,HOU,0.5609756097560976
0.523,0.457,0.81,21.0,44.0,33.0,13.0,5.0,3.0,MIA,1,1,1,HOU,0.5180722891566265
0.533,0.268,0.625,24.0,41.0,27.0,17.0,8.0,7.0,CHI,-8,0,0,HOU,0.3780487804878049
0.409,0.31,0.92,25.0,54.0,26.0,21.0,6.0,10.0,MIN,-2,0,0,HOU,0.5975609756097561
0.473,0.364,0.731,26.0,57.0,30.0,14.0,9.0,7.0,MEM,10,0,1,HOU,0.3048780487804878
0.467,0.409,0.857,21.0,59.0,33.0,8.0,9.0,8.0,NOP,32,0,1,HOU,0.3170731707317073
0.538,0.429,0.75,16.0,38.0,35.0,10.0,6.0,6.0,NYK,17,1,1,HOU,0.6463414634146342
0.471,0.429,0.864,22.0,42.0,30.0,8.0,7.0,4.0,MIL,6,1,1,HOU,0.3902439024390244
0.554,0.469,0.767,30.0,46.0,30.0,11.0,8.0,5.0,UTA,34,1,1,HOU,0.2682926829268293
0.55,0.448,0.842,19.0,38.0,30.0,14.0,4.0,7.0,GSW,1,0,1,HOU,0.4523809523809524
0.45,0.368,0.938,16.0,55.0,26.0,19.0,8.0,3.0,PHO,14,0,1,HOU,0.5476190476190477
0.452,0.344,0.692,26.0,53.0,21.0,15.0,12.0,1.0,PHI,11,1,1,HOU,0.5542168674698795
0.609,0.211,0.786,28.0,39.0,29.0,13.0,4.0,8.0,MIN,-4,1,0,HOU,0.5975609756097561
0.457,0.286,0.733,30.0,64.0,23.0,11.0,10.0,8.0,MEM,31,1,1,HOU,0.3048780487804878
0.438,0.302,0.75,40.0,55.0,21.0,14.0,6.0,4.0,OKC,-6,1,0,IND,0.7804878048780488
0.404,0.35,0.739,23.0,44.0,25.0,13.0,2.0,5.0,MEM,-25,0,0,IND,0.3048780487804878
0.429,0.35,0.667,27.0,49.0,24.0,17.0,7.0,5.0,MIN,-4,0,0,IND,0.5975609756097561
0.349,0.289,0.643,28.0,52.0,20.0,14.0,8.0,7.0,DAL,-2,0,0,IND,0.3170731707317073
0.354,0.277,0.758,33.0,49.0,23.0,12.0,6.0,3.0,ATL,-20,1,0,IND,0.5609756097560976
0.449,0.303,0.857,28.0,47.0,24.0,12.0,7.0,3.0,GSW,5,1,1,IND,0.4523809523809524
0.433,0.242,0.763,38.0,45.0,24.0,12.0,8.0,4.0,MIL,-2,1,0,IND,0.3902439024390244
0.414,0.361,0.615,13.0,56.0,29.0,18.0,6.0,5.0,BRK,-9,1,0,IND,0.24390243902439024
0.355,0.222,0.765,34.0,43.0,20.0,11.0,9.0,6.0,DEN,-17,0,0,IND,0.6585365853658537
0.34,0.282,0.727,11.0,53.0,21.0,22.0,7.0,6.0,GSW,-31,0,0,IND,0.4523809523809524
0.465,0.27,0.897,29.0,35.0,29.0,8.0,6.0,6.0,UTA,-24,0,0,IND,0.2682926829268293
0.364,0.28,0.931,29.0,41.0,20.0,12.0,4.0,3.0,PHO,-35,0,0,IND,0.5476190476190477
0.425,0.349,0.815,27.0,40.0,22.0,16.0,5.0,3.0,TOR,-18,1,0,IND,0.5609756097560976
0.417,0.29,0.733,45.0,43.0,19.0,21.0,8.0,5.0,DET,-15,0,0,IND,0.7317073170731707
0.541,0.421,0.826,23.0,43.0,32.0,16.0,5.0,8.0,CHO,9,1,1,IND,0.5357142857142857
0.42,0.297,0.923,26.0,43.0,25.0,13.0,10.0,6.0,CLE,-11,0,0,IND,0.6341463414634146
0.476,0.419,0.765,34.0,30.0,22.0,13.0,11.0,4.0,DET,-5,1,0,IND,0.7317073170731707
0.449,0.333,0.609,23.0,43.0,20.0,18.0,7.0,7.0,TOR,-2,0,0,IND,0.5609756097560976
0.522,0.382,0.769,13.0,50.0,27.0,16.0,9.0,8.0,WAS,33,1,1,IND,0.2073170731707317
0.461,0.317,0.727,11.0,44.0,24.0,13.0,8.0,10.0,CHI,2,1,1,IND,0.3780487804878049
0.482,0.333,0.73,37.0,36.0,19.0,14.0,5.0,6.0,CLE,-16,1,0,IND,0.6341463414634146
0.519,0.464,0.793,29.0,38.0,24.0,12.0,6.0,5.0,DEN,-15,1,0,IND,0.6585365853658537
0.536,0.462,0.75,16.0,35.0,24.0,14.0,13.0,8.0,CHI,15,0,1,IND,0.3780487804878049
0.437,0.4,0.929,28.0,41.0,25.0,14.0,14.0,7.0,SAC,11,1,1,IND,0.2682926829268293
0.396,0.342,0.842,19.0,46.0,26.0,7.0,6.0,4.0,PHI,-10,0,0,IND,0.5542168674698795
0.369,0.256,0.81,21.0,41.0,20.0,8.0,2.0,7.0,WAS,-19,1,0,IND,0.2073170731707317
0.462,0.324,0.889,18.0,52.0,22.0,14.0,8.0,6.0,NYK,-1,1,0,IND,0.6463414634146342
0.426,0.19,0.7,30.0,42.0,28.0,14.0,7.0,4.0,NOP,-19,0,0,IND,0.3170731707317073
0.388,0.325,0.889,18.0,36.0,19.0,13.0,4.0,3.0,BOS,-8,0,0,IND,0.6829268292682927
0.407,0.258,0.606,33.0,40.0,20.0,12.0,7.0,3.0,MIL,-17,1,0,IND,0.3902439024390244
0.494,0.409,0.8,20.0,35.0,29.0,14.0,6.0,3.0,BOS,-18,1,0,IND,0.6829268292682927
0.495,0.316,0.75,16.0,45.0,30.0,26.0,6.0,5.0,MIA,-26,0,0,IND,0.5180722891566265
0.5,0.529,0.65,20.0,29.0,30.0,9.0,12.0,3.0,HOU,-7,0,0,IND,0.6341463414634146
0.434,0.343,0.813,32.0,39.0,22.0,16.0,10.0,3.0,ORL,-2,1,0,IND,0.5476190476190477
0.512,0.4,0.867,15.0,39.0,26.0,14.0,9.0,4.0,SAS,-10,1,0,IND,0.7560975609756098
0.552,0.441,0.762,21.0,41.0,38.0,11.0,3.0,3.0,ORL,-8,0,0,IND,0.5476190476190477
0.462,0.457,0.737,19.0,32.0,32.0,14.0,10.0,4.0,CLE,-4,1,0,IND,0.6341463414634146
0.5,0.444,0.952,21.0,41.0,25.0,20.0,9.0,6.0,CHO,2,0,1,IND,0.5357142857142857
0.449,0.425,0.818,22.0,54.0,37.0,18.0,13.0,4.0,MIA,24,1,1,IND,0.5180722891566265
0.464,0.432,0.667,6.0,40.0,29.0,12.0,8.0,3.0,BOS,2,1,1,IND,0.6829268292682927
0.384,0.286,0.742,31.0,46.0,26.0,11.0,6.0,7.0,TOR,-14,1,0,IND,0.5609756097560976
0.515,0.349,0.667,12.0,43.0,37.0,7.0,5.0,7.0,NOP,8,1,1,IND,0.3170731707317073
0.354,0.229,0.519,27.0,42.0,18.0,25.0,13.0,2.0,DET,-43,0,0,IND,0.7317073170731707
0.476,0.382,0.786,14.0,46.0,24.0,24.0,4.0,9.0,PHI,-9,0,0,IND,0.5542168674698795
0.394,0.267,0.783,23.0,42.0,31.0,14.0,6.0,2.0,BOS,-15,0,0,IND,0.6829268292682927
0.469,0.421,0.55,20.0,51.0,34.0,11.0,5.0,1.0,OKC,3,0,1,IND,0.7804878048780488
0.462,0.286,0.8,25.0,42.0,31.0,17.0,11.0,7.0,ATL,-16,0,0,IND,0.5609756097560976
0.447,0.417,0.88,25.0,43.0,30.0,6.0,7.0,3.0,CHI,3,1,1,IND,0.3780487804878049
0.539,0.469,0.857,21.0,51.0,29.0,23.0,6.0,4.0,ATL,5,1,1,IND,0.5609756097560976
0.494,0.462,0.762,21.0,33.0,33.0,10.0,10.0,6.0,HOU,-4,1,0,IND,0.6341463414634146
0.536,0.359,0.667,27.0,38.0,33.0,15.0,6.0,2.0,UTA,-9,1,0,IND,0.2682926829268293
0.443,0.279,0.81,21.0,37.0,26.0,9.0,9.0,4.0,MIL,-6,0,0,IND,0.3902439024390244
0.449,0.364,0.857,14.0,40.0,26.0,19.0,6.0,3.0,TOR,-18,0,0,IND,0.5609756097560976
0.515,0.4,0.731,26.0,43.0,30.0,11.0,6.0,4.0,NYK,3,0,1,IND,0.6463414634146342
0.489,0.357,0.714,14.0,42.0,29.0,12.0,11.0,5.0,BRK,5,0,1,IND,0.24390243902439024
0.41,0.357,0.815,27.0,50.0,22.0,23.0,7.0,4.0,WAS,-7,0,0,IND,0.2073170731707317
0.478,0.367,0.667,21.0,40.0,32.0,21.0,12.0,0.0,WAS,-13,0,0,IND,0.2073170731707317
0.5,0.476,0.8,20.0,39.0,37.0,16.0,8.0,3.0,DAL,-4,1,0,IND,0.3170731707317073
0.432,0.302,0.864,22.0,41.0,27.0,18.0,8.0,4.0,PHI,-21,1,0,IND,0.5542168674698795
0.471,0.314,0.8,20.0,37.0,28.0,12.0,7.0,3.0,CHO,-24,1,0,IND,0.5357142857142857
0.488,0.385,0.684,19.0,31.0,29.0,19.0,5.0,9.0,MEM,-19,1,0,IND,0.3048780487804878
0.429,0.278,0.806,31.0,38.0,26.0,13.0,2.0,3.0,LAC,-23,0,0,IND,0.5060240963855421
0.469,0.229,0.708,24.0,40.0,33.0,7.0,10.0,4.0,LAL,-11,0,0,IND,0.6463414634146342
0.432,0.333,0.625,24.0,38.0,27.0,12.0,9.0,6.0,POR,-20,0,0,IND,0.5180722891566265
0.409,0.302,0.909,22.0,48.0,29.0,15.0,7.0,2.0,SAC,-5,0,0,IND,0.2682926829268293
0.451,0.3,0.88,25.0,36.0,24.0,16.0,7.0,4.0,PHO,-15,1,0,IND,0.5476190476190477
0.393,0.263,0.8,15.0,46.0,21.0,11.0,6.0,3.0,NYK,-9,1,0,IND,0.6463414634146342
0.519,0.5,0.783,23.0,40.0,34.0,19.0,5.0,6.0,MIL,-11,0,0,IND,0.3902439024390244
0.518,0.447,0.714,7.0,36.0,31.0,18.0,7.0,7.0,NYK,-26,0,0,IND,0.6463414634146342
0.505,0.444,0.882,17.0,39.0,32.0,12.0,9.0,7.0,POR,-8,1,0,IND,0.5180722891566265
0.518,0.457,0.789,19.0,26.0,38.0,10.0,5.0,2.0,SAS,-15,0,0,IND,0.7560975609756098
0.549,0.457,0.917,24.0,35.0,32.0,9.0,5.0,4.0,ORL,2,0,1,IND,0.5476190476190477
0.558,0.41,0.783,23.0,34.0,35.0,18.0,7.0,2.0,LAL,-7,1,0,IND,0.6463414634146342
0.494,0.444,0.733,15.0,45.0,34.0,20.0,6.0,4.0,LAC,-1,1,0,IND,0.5060240963855421
0.576,0.462,0.846,13.0,42.0,36.0,12.0,3.0,5.0,MIA,17,1,1,IND,0.5180722891566265
0.569,0.417,0.9,10.0,41.0,49.0,14.0,14.0,5.0,CHI,19,0,1,IND,0.3780487804878049
0.462,0.417,0.7,10.0,45.0,29.0,12.0,5.0,1.0,CHO,-21,0,0,IND,0.5357142857142857
0.384,0.386,0.862,29.0,43.0,28.0,10.0,7.0,1.0,CLE,-9,0,0,IND,0.6341463414634146
0.479,0.346,0.806,31.0,34.0,24.0,23.0,11.0,1.0,MIN,-20,1,0,IND,0.5975609756097561
0.52,0.258,0.722,18.0,66.0,43.0,12.0,4.0,5.0,BRK,29,0,1,IND,0.24390243902439024
0.375,0.28,0.875,16.0,52.0,25.0,21.0,6.0,8.0,PHI,-11,1,0,IND,0.5542168674698795
0.456,0.426,0.8,20.0,31.0,31.0,16.0,15.0,6.0,DET,-12,1,0,IND,0.7317073170731707
0.443,0.311,0.762,21.0,38.0,28.0,15.0,8.0,6.0,UTA,-21,0,0,LAC,0.2682926829268293
0.592,0.552,0.885,26.0,45.0,32.0,19.0,12.0,5.0,PHO,27,1,1,LAC,0.5476190476190477
0.55,0.387,0.933,15.0,46.0,26.0,24.0,11.0,8.0,POR,7,1,1,LAC,0.5180722891566265
0.366,0.182,0.813,16.0,47.0,10.0,16.0,7.0,2.0,GSW,-19,0,0,LAC,0.4523809523809524
0.517,0.385,0.905,21.0,37.0,28.0,12.0,12.0,6.0,NOP,2,1,1,LAC,0.3170731707317073
0.5,0.415,0.737,19.0,44.0,25.0,21.0,13.0,4.0,MIA,-1,1,0,LAC,0.5180722891566265
0.413,0.419,0.852,27.0,42.0,26.0,19.0,9.0,2.0,OKC,-19,1,0,LAC,0.7804878048780488
0.443,0.323,0.733,30.0,41.0,24.0,15.0,8.0,4.0,PHO,-13,0,0,LAC,0.5476190476190477
0.532,0.303,0.611,18.0,27.0,26.0,11.0,5.0,5.0,PHO,-11,1,0,LAC,0.5476190476190477
0.439,0.316,0.72,25.0,42.0,19.0,12.0,7.0,9.0,ATL,-3,1,0,LAC,0.5609756097560976
0.488,0.432,0.947,19.0,36.0,28.0,15.0,4.0,7.0,DEN,-14,1,0,LAC,0.6585365853658537
0.474,0.31,0.833,36.0,45.0,22.0,23.0,16.0,6.0,DAL,6,0,1,LAC,0.3170731707317073
0.469,0.4,0.933,30.0,44.0,23.0,14.0,4.0,7.0,BOS,-3,0,0,LAC,0.6829268292682927
0.402,0.308,0.963,27.0,45.0,18.0,10.0,6.0,3.0,PHI,-2,0,0,LAC,0.5542168674698795
0.404,0.389,0.789,19.0,43.0,20.0,21.0,7.0,6.0,ORL,-28,0,0,LAC,0.5476190476190477
0.511,0.442,0.833,24.0,41.0,30.0,10.0,8.0,2.0,CHO,15,0,1,LAC,0.5357142857142857
0.463,0.308,0.885,26.0,40.0,23.0,16.0,6.0,2.0,CLE,-15,0,0,LAC,0.6341463414634146
0.519,0.371,0.875,24.0,29.0,24.0,16.0,7.0,2.0,LAL,-17,0,0,LAC,0.6463414634146342
0.427,0.316,0.905,21.0,39.0,19.0,13.0,13.0,5.0,MEM,-5,1,0,LAC,0.3048780487804878
0.463,0.28,0.935,31.0,46.0,25.0,18.0,5.0,6.0,DAL,-4,1,0,LAC,0.3170731707317073
0.448,0.31,0.8,35.0,46.0,23.0,13.0,8.0,3.0,MIA,-17,0,0,LAC,0.5180722891566265
0.494,0.313,0.85,20.0,54.0,29.0,12.0,12.0,1.0,ATL,23,0,1,LAC,0.5609756097560976
0.438,0.318,0.824,17.0,37.0,22.0,17.0,11.0,2.0,MEM,-9,0,0,LAC,0.3048780487804878
0.471,0.31,0.68,25.0,35.0,16.0,11.0,8.0,3.0,MIN,-3,0,0,LAC,0.5975609756097561
0.5,0.368,0.808,26.0,28.0,25.0,15.0,15.0,5.0,HOU,-2,0,0,LAC,0.6341463414634146
0.463,0.361,0.727,22.0,39.0,26.0,19.0,4.0,2.0,MEM,-18,1,0,LAC,0.3048780487804878
0.487,0.313,0.773,22.0,49.0,25.0,29.0,6.0,7.0,OKC,-21,0,0,LAC,0.7804878048780488
0.425,0.372,0.95,20.0,48.0,22.0,19.0,8.0,6.0,LAL,15,1,1,LAC,0.6463414634146342
0.545,0.541,0.889,27.0,34.0,25.0,10.0,7.0,4.0,HOU,20,1,1,LAC,0.6341463414634146
0.507,0.5,0.935,31.0,32.0,21.0,13.0,6.0,5.0,POR,16,0,1,LAC,0.5180722891566265
0.467,0.412,0.966,29.0,35.0,18.0,12.0,12.0,6.0,DET,13,1,1,LAC,0.7317073170731707
0.511,0.368,0.781,32.0,42.0,29.0,4.0,13.0,9.0,SAC,41,1,1,LAC,0.2682926829268293
0.449,0.314,0.846,26.0,47.0,20.0,13.0,8.0,7.0,UTA,17,1,1,LAC,0.2682926829268293
0.5,0.395,0.941,17.0,30.0,26.0,10.0,4.0,4.0,BOS,-31,1,0,LAC,0.6829268292682927
0.481,0.345,0.905,21.0,48.0,25.0,20.0,5.0,9.0,GSW,1,1,1,LAC,0.4523809523809524
0.435,0.357,0.842,19.0,40.0,21.0,10.0,7.0,5.0,NYK,-12,0,0,LAC,0.6463414634146342
0.592,0.583,0.895,19.0,37.0,28.0,16.0,9.0,8.0,BRK,16,0,1,LAC,0.24390243902439024
0.431,0.355,0.694,36.0,37.0,17.0,22.0,18.0,6.0,DET,6,0,1,LAC,0.7317073170731707
0.446,0.367,0.81,21.0,37.0,22.0,5.0,7.0,0.0,CHO,8,1,1,LAC,0.5357142857142857
0.47,0.378,1.0,27.0,40.0,25.0,10.0,9.0,5.0,WAS,14,1,1,LAC,0.2073170731707317
0.519,0.361,0.867,30.0,36.0,25.0,16.0,12.0,3.0,TOR,4,0,1,LAC,0.5609756097560976
0.462,0.179,0.868,38.0,43.0,20.0,16.0,12.0,6.0,WAS,4,0,1,LAC,0.2073170731707317
0.467,0.333,0.824,17.0,41.0,24.0,16.0,6.0,5.0,CHI,-28,0,0,LAC,0.3780487804878049
0.476,0.387,0.952,21.0,49.0,23.0,20.0,8.0,0.0,LAL,8,1,1,LAC,0.6463414634146342
0.564,0.48,0.897,29.0,51.0,20.0,19.0,12.0,5.0,BRK,37,1,1,LAC,0.24390243902439024
0.466,0.391,0.714,21.0,39.0,27.0,11.0,10.0,3.0,UTA,12,0,1,LAC,0.2682926829268293
0.465,0.35,0.714,21.0,34.0,29.0,9.0,7.0,3.0,DEN,-13,0,0,LAC,0.6585365853658537
0.518,0.375,0.647,34.0,63.0,25.0,18.0,2.0,3.0,PHO,24,0,1,LAC,0.5476190476190477
0.59,0.346,0.6,20.0,36.0,24.0,14.0,4.0,2.0,PHI,-15,1,0,LAC,0.5542168674698795
0.463,0.214,0.917,12.0,37.0,20.0,24.0,6.0,4.0,CLE,-33,1,0,LAC,0.6341463414634146
0.521,0.429,0.861,36.0,40.0,22.0,16.0,6.0,7.0,SAC,3,0,1,LAC,0.2682926829268293
0.513,0.519,0.821,28.0,37.0,25.0,15.0,11.0,6.0,MIN,19,0,1,LAC,0.5975609756097561
0.409,0.267,0.652,23.0,45.0,24.0,12.0,11.0,5.0,HOU,-7,0,0,LAC,0.6341463414634146
0.468,0.393,0.846,26.0,32.0,21.0,11.0,13.0,7.0,HOU,3,0,1,LAC,0.6341463414634146
0.471,0.242,0.833,30.0,45.0,27.0,14.0,9.0,4.0,DEN,1,1,1,LAC,0.6585365853658537
0.549,0.381,0.828,29.0,42.0,25.0,16.0,7.0,5.0,LAL,-3,0,0,LAC,0.6463414634146342
0.482,0.217,0.857,28.0,43.0,18.0,10.0,9.0,9.0,ORL,-2,1,0,LAC,0.5476190476190477
0.405,0.227,0.793,29.0,40.0,21.0,19.0,8.0,2.0,MIN,-6,1,0,LAC,0.5975609756097561
0.539,0.472,0.828,29.0,38.0,29.0,9.0,11.0,3.0,NOP,20,1,1,LAC,0.3170731707317073
0.494,0.29,0.913,23.0,52.0,18.0,14.0,9.0,7.0,GSW,13,0,1,LAC,0.4523809523809524
0.551,0.375,0.8,25.0,47.0,28.0,11.0,8.0,7.0,IND,23,1,1,LAC,0.23170731707317074
0.488,0.364,0.8,20.0,41.0,22.0,10.0,12.0,3.0,SAS,-4,0,0,LAC,0.7560975609756098
0.5,0.235,0.822,45.0,44.0,15.0,16.0,10.0,2.0,MEM,3,0,1,LAC,0.3048780487804878
0.462,0.462,0.846,26.0,36.0,25.0,8.0,12.0,4.0,NYK,8,1,1,LAC,0.6463414634146342
0.634,0.514,0.833,36.0,29.0,36.0,10.0,16.0,4.0,MIN,25,1,1,LAC,0.5975609756097561
0.479,0.281,0.75,24.0,46.0,28.0,6.0,8.0,12.0,CHI,11,1,1,LAC,0.3780487804878049
0.464,0.333,0.759,29.0,35.0,19.0,13.0,13.0,8.0,SAC,-9,1,0,LAC,0.2682926829268293
0.483,0.379,0.75,24.0,37.0,25.0,14.0,11.0,5.0,SAS,-4,1,0,LAC,0.7560975609756098
0.511,0.29,0.769,13.0,36.0,24.0,16.0,10.0,2.0,NOP,-15,0,0,LAC,0.3170731707317073
0.461,0.313,0.594,32.0,39.0,20.0,16.0,11.0,2.0,NOP,-6,0,0,LAC,0.3170731707317073
0.567,0.5,0.833,18.0,40.0,33.0,12.0,8.0,10.0,DAL,7,0,1,LAC,0.3170731707317073
0.58,0.447,1.0,18.0,34.0,30.0,12.0,13.0,6.0,MIL,33,1,1,LAC,0.3902439024390244
0.512,0.457,0.792,24.0,49.0,24.0,11.0,7.0,12.0,TOR,25,1,1,LAC,0.5609756097560976
0.427,0.382,0.704,27.0,46.0,20.0,12.0,12.0,4.0,IND,1,0,1,LAC,0.23170731707317074
0.584,0.433,0.857,28.0,39.0,27.0,16.0,14.0,4.0,MIL,14,0,1,LAC,0.3902439024390244
0.5,0.333,0.783,23.0,30.0,19.0,14.0,8.0,9.0,POR,-10,1,0,LAC,0.5180722891566265
0.43,0.185,0.778,18.0,38.0,20.0,10.0,8.0,3.0,SAS,-19,1,0,LAC,0.7560975609756098
0.533,0.488,0.952,21.0,37.0,30.0,15.0,15.0,1.0,SAC,29,0,1,LAC,0.2682926829268293
0.446,0.378,0.714,28.0,56.0,23.0,15.0,6.0,9.0,DAL,13,1,1,LAC,0.3170731707317073
0.465,0.438,0.667,24.0,36.0,27.0,13.0,9.0,3.0,OKC,-18,1,0,LAC,0.7804878048780488
0.434,0.325,1.0,12.0,35.0,17.0,17.0,6.0,3.0,POR,-19,0,0,LAC,0.5180722891566265
0.472,0.359,0.895,19.0,44.0,27.0,10.0,3.0,4.0,GSW,5,1,1,LAC,0.4523809523809524
0.523,0.4,1.0,17.0,36.0,30.0,18.0,15.0,3.0,GSW,-5,1,0,LAC,0.4523809523809524
0.513,0.297,0.814,43.0,39.0,20.0,17.0,5.0,12.0,NOP,6,1,1,MEM,0.3170731707317073
0.4,0.289,0.893,28.0,41.0,29.0,20.0,8.0,4.0,MIA,-32,1,0,MEM,0.5180722891566265
0.454,0.385,0.781,32.0,49.0,31.0,6.0,6.0,4.0,IND,25,1,1,MEM,0.23170731707317074
0.455,0.308,0.929,28.0,39.0,32.0,13.0,8.0,3.0,GSW,-13,0,0,MEM,0.4523809523809524
0.473,0.395,0.846,13.0,41.0,31.0,17.0,12.0,3.0,PHO,1,0,1,MEM,0.5476190476190477
0.441,0.311,0.842,19.0,42.0,28.0,11.0,9.0,0.0,LAL,-5,1,0,MEM,0.6463414634146342
0.437,0.314,0.85,20.0,41.0,24.0,13.0,6.0,0.0,TOR,-13,0,0,MEM,0.5609756097560976
0.402,0.341,0.88,25.0,49.0,25.0,20.0,8.0,5.0,DET,-8,1,0,MEM,0.7317073170731707
0.382,0.333,0.8,35.0,47.0,25.0,15.0,10.0,9.0,HOU,-15,1,0,MEM,0.6341463414634146
0.482,0.371,0.821,28.0,42.0,27.0,15.0,8.0,1.0,DAL,14,1,1,MEM,0.3170731707317073
0.385,0.386,0.722,18.0,50.0,30.0,14.0,3.0,6.0,OKC,-14,1,0,MEM,0.7804878048780488
0.512,0.368,0.833,24.0,44.0,36.0,22.0,7.0,3.0,NYK,-13,0,0,MEM,0.6463414634146342
0.337,0.233,0.808,26.0,41.0,25.0,10.0,8.0,4.0,BOS,-36,0,0,MEM,0.6829268292682927
0.36,0.281,0.725,40.0,46.0,21.0,15.0,9.0,5.0,CLE,-8,0,0,MEM,0.6341463414634146
0.404,0.308,0.556,9.0,59.0,30.0,14.0,6.0,4.0,SAS,-10,0,0,MEM,0.7560975609756098
0.505,0.315,0.769,26.0,49.0,42.0,8.0,11.0,3.0,SAC,41,1,1,MEM,0.2682926829268293
0.402,0.258,0.833,24.0,61.0,26.0,13.0,5.0,5.0,DAL,6,0,1,MEM,0.3170731707317073
0.462,0.34,0.867,15.0,40.0,33.0,11.0,6.0,4.0,DEN,-10,1,0,MEM,0.6585365853658537
0.536,0.459,0.857,14.0,49.0,38.0,16.0,9.0,8.0,NOP,5,0,1,MEM,0.3170731707317073
0.443,0.425,0.773,22.0,53.0,24.0,15.0,5.0,6.0,LAC,5,0,1,MEM,0.5060240963855421
0.523,0.375,0.727,22.0,52.0,28.0,23.0,4.0,7.0,SAC,8,0,1,MEM,0.2682926829268293
0.5,0.346,0.833,24.0,50.0,28.0,15.0,4.0,6.0,SAS,-7,0,0,MEM,0.7560975609756098
0.538,0.357,0.722,18.0,42.0,28.0,16.0,9.0,4.0,LAC,9,1,1,MEM,0.5060240963855421
0.449,0.286,0.744,39.0,51.0,28.0,23.0,18.0,4.0,POR,23,1,1,MEM,0.5180722891566265
0.465,0.463,0.714,21.0,49.0,32.0,10.0,4.0,5.0,UTA,-4,1,0,MEM,0.2682926829268293
0.523,0.41,0.882,17.0,32.0,33.0,11.0,10.0,7.0,LAC,18,0,1,MEM,0.5060240963855421
0.438,0.324,0.84,25.0,54.0,23.0,18.0,10.0,4.0,MIN,6,0,1,MEM,0.5975609756097561
0.45,0.364,0.727,22.0,48.0,31.0,14.0,7.0,3.0,WAS,-8,1,0,MEM,0.2073170731707317
0.41,0.439,0.739,23.0,46.0,26.0,23.0,8.0,5.0,OKC,-16,0,0,MEM,0.7804878048780488
0.557,0.422,0.69,29.0,41.0,41.0,15.0,10.0,8.0,UTA,9,0,1,MEM,0.2682926829268293
0.506,0.382,0.813,32.0,42.0,28.0,14.0,12.0,9.0,MIL,21,1,1,MEM,0.3902439024390244
0.417,0.281,0.81,21.0,43.0,27.0,16.0,14.0,8.0,WAS,-4,0,0,MEM,0.2073170731707317
0.554,0.379,0.885,26.0,51.0,28.0,20.0,2.0,10.0,PHI,-3,1,0,MEM,0.5542168674698795
0.479,0.333,0.652,23.0,34.0,32.0,15.0,10.0,2.0,LAL,-7,0,0,MEM,0.6463414634146342
0.42,0.244,0.909,22.0,47.0,29.0,9.0,6.0,1.0,LAL,-6,0,0,MEM,0.6463414634146342
0.398,0.367,0.667,15.0,61.0,28.0,23.0,7.0,9.0,SAS,1,1,1,MEM,0.7560975609756098
0.424,0.324,0.571,14.0,47.0,23.0,18.0,9.0,2.0,PHO,-19,1,0,MEM,0.5476190476190477
0.466,0.341,0.833,24.0,52.0,35.0,17.0,4.0,4.0,OKC,-1,1,0,MEM,0.7804878048780488
0.42,0.324,1.0,18.0,54.0,27.0,15.0,6.0,7.0,BRK,5,1,1,MEM,0.24390243902439024
0.458,0.472,0.857,21.0,37.0,27.0,16.0,5.0,6.0,ORL,-7,0,0,MEM,0.5476190476190477
0.527,0.371,0.68,25.0,42.0,31.0,12.0,12.0,7.0,ORL,17,1,1,MEM,0.5476190476190477
0.462,0.343,0.889,27.0,43.0,26.0,18.0,7.0,7.0,ATL,-2,1,0,MEM,0.5609756097560976
0.489,0.383,0.864,22.0,47.0,34.0,19.0,4.0,10.0,NOP,-6,1,0,MEM,0.3170731707317073
0.371,0.189,0.824,17.0,52.0,26.0,13.0,9.0,5.0,HOU,-9,0,0,MEM,0.6341463414634146
0.457,0.35,0.75,12.0,29.0,27.0,13.0,10.0,7.0,CHO,-15,1,0,MEM,0.5357142857142857
0.43,0.293,0.933,15.0,46.0,26.0,20.0,11.0,3.0,NOP,-8,0,0,MEM,0.3170731707317073
0.489,0.27,0.667,24.0,43.0,29.0,15.0,8.0,4.0,MIN,-17,1,0,MEM,0.5975609756097561
0.5,0.463,0.857,35.0,45.0,31.0,10.0,5.0,2.0,MIN,9,1,1,MEM,0.5975609756097561
0.5,0.439,0.75,28.0,44.0,30.0,13.0,8.0,4.0,SAC,4,0,1,MEM,0.2682926829268293
0.477,0.366,0.762,21.0,37.0,28.0,16.0,12.0,3.0,POR,-20,0,0,MEM,0.5180722891566265
0.5,0.421,0.714,21.0,36.0,19.0,15.0,14.0,6.0,POR,-7,0,0,MEM,0.5180722891566265
0.506,0.313,0.792,24.0,37.0,26.0,18.0,17.0,3.0,GSW,-1,0,0,MEM,0.4523809523809524
0.462,0.385,0.81,21.0,29.0,28.0,6.0,12.0,5.0,DEN,-6,0,0,MEM,0.6585365853658537
0.489,0.364,0.636,33.0,45.0,29.0,17.0,15.0,6.0,UTA,9,1,1,MEM,0.2682926829268293
0.474,0.349,0.682,22.0,35.0,31.0,13.0,14.0,7.0,MIA,-16,0,0,MEM,0.5180722891566265
0.483,0.353,0.9,20.0,37.0,33.0,18.0,13.0,3.0,SAC,-9,1,0,MEM,0.2682926829268293
0.488,0.415,0.722,18.0,34.0,30.0,16.0,7.0,4.0,GSW,-21,1,0,MEM,0.4523809523809524
0.505,0.375,0.857,21.0,43.0,29.0,11.0,13.0,7.0,DAL,19,0,1,MEM,0.3170731707317073
0.511,0.429,1.0,14.0,40.0,34.0,13.0,12.0,9.0,IND,19,0,1,MEM,0.23170731707317074
0.456,0.395,0.793,29.0,33.0,27.0,17.0,9.0,4.0,MIN,-7,0,0,MEM,0.5975609756097561
0.448,0.438,0.667,33.0,38.0,25.0,17.0,12.0,6.0,POR,-8,1,0,MEM,0.5180722891566265
0.483,0.372,0.833,24.0,34.0,29.0,15.0,8.0,6.0,LAC,-3,1,0,MEM,0.5060240963855421
0.435,0.4,0.84,25.0,36.0,25.0,15.0,9.0,8.0,BRK,-11,0,0,MEM,0.24390243902439024
0.495,0.395,0.762,21.0,44.0,26.0,20.0,5.0,3.0,PHI,-10,0,0,MEM,0.5542168674698795
0.418,0.292,0.727,22.0,38.0,26.0,10.0,10.0,5.0,DAL,-8,1,0,MEM,0.3170731707317073
0.427,0.366,0.792,24.0,33.0,20.0,17.0,11.0,2.0,DET,-16,0,0,MEM,0.7317073170731707
0.453,0.359,0.789,19.0,37.0,30.0,18.0,10.0,5.0,CHI,-25,0,0,MEM,0.3780487804878049
0.429,0.327,0.781,32.0,48.0,22.0,10.0,12.0,9.0,DEN,7,1,1,MEM,0.6585365853658537
0.467,0.326,0.824,17.0,35.0,24.0,9.0,7.0,3.0,BOS,-5,1,0,MEM,0.6829268292682927
0.407,0.348,0.789,19.0,34.0,20.0,13.0,10.0,1.0,CHO,-23,0,0,MEM,0.5357142857142857
0.422,0.326,0.885,26.0,34.0,20.0,23.0,9.0,4.0,ATL,-39,0,0,MEM,0.5609756097560976
0.395,0.32,0.7,20.0,33.0,26.0,12.0,8.0,3.0,SAS,-25,1,0,MEM,0.7560975609756098
0.44,0.351,0.889,18.0,39.0,28.0,11.0,11.0,3.0,HOU,-10,1,0,MEM,0.6341463414634146
0.467,0.316,0.765,17.0,37.0,31.0,14.0,17.0,3.0,CHI,1,1,1,MEM,0.3780487804878049
0.507,0.367,0.9,20.0,33.0,26.0,23.0,5.0,5.0,PHO,-26,1,0,MEM,0.5476190476190477
0.513,0.444,0.833,30.0,20.0,27.0,14.0,10.0,4.0,NYK,-11,1,0,MEM,0.6463414634146342
0.4,0.262,0.654,26.0,38.0,14.0,20.0,6.0,3.0,TOR,-32,1,0,MEM,0.5609756097560976
0.413,0.37,0.786,28.0,38.0,25.0,14.0,13.0,1.0,MIL,-16,0,0,MEM,0.3902439024390244
0.479,0.492,0.7,10.0,31.0,32.0,13.0,7.0,4.0,CLE,-16,1,0,MEM,0.6341463414634146
0.457,0.38,0.696,23.0,38.0,24.0,6.0,5.0,1.0,DEN,-17,0,0,MEM,0.6585365853658537
0.376,0.212,0.889,9.0,47.0,27.0,20.0,10.0,2.0,UTA,-46,0,0,MEM,0.2682926829268293
0.411,0.265,1.0,10.0,37.0,23.0,13.0,8.0,6.0,HOU,-31,0,0,MEM,0.6341463414634146
0.484,0.343,0.778,27.0,47.0,26.0,19.0,9.0,4.0,ORL,-4,0,0,MIA,0.5476190476190477
0.539,0.475,0.773,22.0,57.0,34.0,20.0,15.0,4.0,MEM,32,0,1,MIA,0.3048780487804878
0.458,0.351,0.839,31.0,50.0,25.0,16.0,7.0,1.0,NYK,8,1,1,MIA,0.6463414634146342
0.542,0.444,0.909,22.0,37.0,34.0,11.0,8.0,2.0,CHO,27,1,1,MIA,0.5357142857142857
0.433,0.395,0.727,11.0,41.0,29.0,14.0,6.0,2.0,SAS,-6,0,0,MIA,0.7560975609756098
0.512,0.273,0.694,36.0,42.0,29.0,15.0,7.0,3.0,LAL,-10,0,0,MIA,0.6463414634146342
0.542,0.48,0.75,24.0,37.0,33.0,16.0,12.0,3.0,LAC,1,0,1,MIA,0.5060240963855421
0.442,0.341,0.88,25.0,38.0,26.0,15.0,13.0,4.0,DEN,-10,0,0,MIA,0.6585365853658537
0.515,0.429,0.857,14.0,37.0,31.0,8.0,10.0,7.0,CHO,18,1,1,MIA,0.5357142857142857
0.51,0.286,0.778,36.0,47.0,37.0,15.0,17.0,5.0,POR,5,1,1,MIA,0.5180722891566265
0.469,0.333,0.878,41.0,56.0,32.0,14.0,5.0,6.0,CLE,2,1,1,MIA,0.6341463414634146
0.479,0.405,0.846,13.0,44.0,29.0,21.0,6.0,6.0,CLE,-14,1,0,MIA,0.6341463414634146
0.463,0.432,0.735,34.0,46.0,30.0,11.0,4.0,5.0,NYK,-8,0,0,MIA,0.6463414634146342
0.446,0.4,0.846,13.0,40.0,29.0,14.0,5.0,5.0,NYK,2,1,1,MIA,0.6463414634146342
0.406,0.371,0.731,26.0,52.0,30.0,14.0,10.0,3.0,GSW,14,1,1,MIA,0.4523809523809524
0.47,0.368,0.795,44.0,53.0,35.0,10.0,13.0,7.0,CHI,36,0,1,MIA,0.3780487804878049
0.49,0.344,0.667,30.0,58.0,32.0,13.0,7.0,2.0,PHI,10,0,1,MIA,0.5542168674698795
0.447,0.185,0.708,24.0,53.0,22.0,14.0,8.0,7.0,DAL,4,1,1,MIA,0.3170731707317073
0.459,0.278,0.9,20.0,47.0,32.0,14.0,9.0,7.0,MIL,3,1,1,MIA,0.3902439024390244
0.5,0.483,0.846,39.0,38.0,27.0,18.0,12.0,3.0,DET,-3,1,0,MIA,0.7317073170731707
0.53,0.522,0.833,12.0,50.0,34.0,12.0,7.0,10.0,LAC,17,1,1,MIA,0.5060240963855421
0.396,0.297,0.944,18.0,41.0,29.0,11.0,11.0,5.0,DAL,-10,0,0,MIA,0.3170731707317073
0.5,0.368,0.667,27.0,44.0,23.0,15.0,4.0,8.0,ORL,-1,0,0,MIA,0.5476190476190477
0.482,0.29,0.625,32.0,41.0,23.0,13.0,5.0,4.0,SAC,-16,1,0,MIA,0.2682926829268293
0.452,0.242,0.842,19.0,39.0,25.0,8.0,8.0,6.0,ORL,-9,0,0,MIA,0.5476190476190477
0.422,0.29,0.739,23.0,45.0,20.0,19.0,12.0,7.0,TOR,-10,1,0,MIA,0.5609756097560976
0.461,0.321,0.789,19.0,51.0,23.0,14.0,9.0,8.0,BRK,11,0,1,MIA,0.24390243902439024
0.392,0.388,0.708,24.0,47.0,27.0,13.0,6.0,1.0,BOS,-13,0,0,MIA,0.6829268292682927
0.471,0.486,0.743,35.0,45.0,26.0,11.0,5.0,1.0,NYK,-7,0,0,MIA,0.6463414634146342
0.402,0.267,0.85,20.0,40.0,18.0,18.0,12.0,1.0,TOR,-21,1,0,MIA,0.5609756097560976
0.471,0.306,0.944,18.0,52.0,29.0,12.0,14.0,2.0,ATL,15,0,1,MIA,0.5609756097560976
0.514,0.387,0.952,21.0,49.0,33.0,11.0,17.0,5.0,IND,26,1,1,MIA,0.23170731707317074
0.535,0.478,0.826,23.0,46.0,40.0,10.0,8.0,4.0,DEN,24,1,1,MIA,0.6585365853658537
0.434,0.359,0.9,20.0,49.0,25.0,20.0,14.0,6.0,DET,6,0,1,MIA,0.7317073170731707
0.471,0.378,0.864,22.0,37.0,27.0,19.0,7.0,2.0,MIN,-10,1,0,MIA,0.5975609756097561
0.465,0.409,0.722,18.0,43.0,30.0,16.0,19.0,7.0,NOP,19,1,1,MIA,0.3170731707317073
0.357,0.324,0.75,16.0,50.0,28.0,18.0,5.0,4.0,MIN,-28,0,0,MIA,0.5975609756097561
0.391,0.133,0.793,29.0,51.0,17.0,19.0,6.0,5.0,IND,-24,0,0,MIA,0.23170731707317074
0.537,0.531,0.538,13.0,37.0,35.0,23.0,9.0,4.0,OKC,-12,0,0,MIA,0.7804878048780488
0.522,0.342,0.818,22.0,41.0,28.0,12.0,8.0,2.0,PHO,6,1,1,MIA,0.5476190476190477
0.448,0.357,0.778,27.0,40.0,25.0,10.0,7.0,2.0,BOS,-5,1,0,MIA,0.6829268292682927
0.369,0.4,0.714,28.0,51.0,30.0,4.0,7.0,4.0,OKC,2,1,1,MIA,0.7804878048780488
0.394,0.289,0.875,24.0,54.0,30.0,19.0,6.0,2.0,GSW,-23,0,0,MIA,0.4523809523809524
0.48,0.5,0.625,24.0,46.0,33.0,10.0,6.0,2.0,SAC,13,0,1,MIA,0.2682926829268293
0.457,0.2,0.789,19.0,40.0,27.0,15.0,12.0,4.0,POR,-17,0,0,MIA,0.5180722891566265
0.435,0.404,0.81,42.0,64.0,35.0,14.0,10.0,6.0,UTA,31,0,1,MIA,0.2682926829268293
0.419,0.257,0.828,29.0,59.0,21.0,12.0,6.0,3.0,PHO,9,0,1,MIA,0.5476190476190477
0.5,0.441,0.913,23.0,48.0,27.0,18.0,6.0,5.0,ORL,-9,1,0,MIA,0.5476190476190477
0.452,0.333,0.833,24.0,49.0,29.0,14.0,12.0,2.0,CHI,3,0,1,MIA,0.3780487804878049
0.432,0.277,0.742,31.0,47.0,26.0,19.0,17.0,4.0,CHI,-7,1,0,MIA,0.3780487804878049
0.505,0.368,0.706,17.0,54.0,44.0,9.0,8.0,5.0,CHI,43,1,1,MIA,0.3780487804878049
0.438,0.25,0.885,26.0,53.0,25.0,13.0,6.0,1.0,ATL,-12,1,0,MIA,0.5609756097560976
0.417,0.325,0.722,18.0,42.0,23.0,12.0,9.0,3.0,BOS,-2,0,0,MIA,0.6829268292682927
0.471,0.447,0.867,15.0,60.0,34.0,16.0,18.0,4.0,WAS,31,0,1,MIA,0.2073170731707317
0.418,0.333,0.682,44.0,43.0,24.0,14.0,6.0,3.0,UTA,-4,1,0,MIA,0.2682926829268293
0.412,0.298,0.758,33.0,56.0,25.0,8.0,8.0,9.0,NOP,12,0,1,MIA,0.3170731707317073
0.52,0.371,0.786,14.0,58.0,31.0,9.0,8.0,4.0,ATL,31,0,1,MIA,0.5609756097560976
0.516,0.361,0.758,33.0,57.0,36.0,18.0,8.0,5.0,MEM,16,1,1,MIA,0.3048780487804878
0.426,0.333,0.778,27.0,51.0,32.0,16.0,8.0,5.0,MIL,-11,0,0,MIA,0.3902439024390244
0.46,0.425,0.769,26.0,45.0,25.0,14.0,8.0,2.0,PHI,-7,0,0,MIA,0.5542168674698795
0.5,0.355,0.7,20.0,47.0,22.0,14.0,3.0,4.0,HOU,10,1,1,MIA,0.6341463414634146
0.495,0.361,0.875,24.0,46.0,28.0,12.0,13.0,8.0,BRK,26,1,1,MIA,0.24390243902439024
0.527,0.333,0.875,24.0,45.0,29.0,14.0,13.0,8.0,BRK,16,1,1,MIA,0.24390243902439024
0.464,0.474,0.8,25.0,44.0,31.0,6.0,7.0,5.0,CHO,8,0,1,MIA,0.5357142857142857
0.462,0.364,0.92,25.0,49.0,31.0,12.0,9.0,5.0,DET,11,1,1,MIA,0.7317073170731707
0.5,0.302,0.797,59.0,48.0,31.0,17.0,16.0,5.0,WAS,21,1,1,MIA,0.2073170731707317
0.413,0.341,0.815,27.0,53.0,26.0,12.0,4.0,2.0,MIL,7,1,1,MIA,0.3902439024390244
0.466,0.316,0.821,28.0,32.0,25.0,11.0,13.0,5.0,ORL,-4,1,0,MIA,0.5476190476190477
0.404,0.194,0.794,34.0,43.0,26.0,15.0,4.0,3.0,CHO,-30,0,0,MIA,0.5357142857142857
0.511,0.316,0.818,22.0,41.0,31.0,11.0,4.0,2.0,LAL,-8,1,0,MIA,0.6463414634146342
0.511,0.39,0.75,16.0,41.0,31.0,9.0,6.0,1.0,HOU,-1,0,0,MIA,0.6341463414634146
0.4,0.308,0.95,20.0,38.0,29.0,12.0,11.0,8.0,SAS,-25,1,0,MIA,0.7560975609756098
0.519,0.4,0.818,22.0,40.0,31.0,14.0,11.0,3.0,CLE,17,0,1,MIA,0.6341463414634146
0.44,0.326,0.868,38.0,45.0,25.0,13.0,5.0,4.0,CLE,-21,0,0,MIA,0.6341463414634146
0.465,0.351,0.722,18.0,42.0,29.0,7.0,5.0,4.0,IND,-17,0,0,MIA,0.23170731707317074
0.462,0.275,0.759,29.0,57.0,24.0,11.0,6.0,4.0,PHI,10,1,1,MIA,0.5542168674698795
0.463,0.511,0.739,23.0,37.0,27.0,9.0,5.0,4.0,BOS,-18,1,0,MIA,0.6829268292682927
0.581,0.436,0.794,34.0,49.0,42.0,15.0,6.0,11.0,WAS,16,1,1,MIA,0.2073170731707317
0.363,0.273,0.895,19.0,44.0,26.0,15.0,3.0,3.0,TOR,-26,0,0,MIA,0.5609756097560976
0.561,0.4,0.571,14.0,34.0,35.0,15.0,1.0,3.0,TOR,-14,0,0,MIA,0.5609756097560976
0.598,0.541,0.846,26.0,40.0,37.0,19.0,8.0,1.0,WAS,23,0,1,MIA,0.2073170731707317
0.563,0.405,0.706,17.0,45.0,34.0,7.0,11.0,3.0,ATL,26,1,1,MIA,0.5609756097560976
0.476,0.39,0.857,14.0,48.0,32.0,7.0,4.0,8.0,CHO,-1,0,0,MIA,0.5357142857142857
0.51,0.409,0.789,19.0,46.0,31.0,8.0,8.0,6.0,WAS,13,1,1,MIL,0.2073170731707317
0.522,0.35,0.56,25.0,51.0,25.0,19.0,9.0,5.0,TOR,6,0,1,MIL,0.5609756097560976
0.506,0.394,0.714,28.0,37.0,25.0,18.0,12.0,6.0,CLE,-5,0,0,MIL,0.6341463414634146
0.544,0.412,0.875,24.0,38.0,27.0,13.0,7.0,8.0,NYK,10,1,1,MIL,0.6463414634146342
0.479,0.413,0.692,13.0,34.0,25.0,16.0,7.0,2.0,GSW,10,1,1,MIL,0.4523809523809524
0.598,0.469,0.645,31.0,37.0,30.0,11.0,5.0,2.0,SAC,-2,1,0,MIL,0.2682926829268293
0.477,0.426,0.591,22.0,43.0,24.0,18.0,6.0,5.0,IND,2,0,1,MIL,0.23170731707317074
0.43,0.289,0.714,21.0,41.0,26.0,15.0,5.0,4.0,TOR,-28,0,0,MIL,0.5609756097560976
0.466,0.41,0.778,18.0,53.0,27.0,11.0,10.0,6.0,CHI,16,1,1,MIL,0.3780487804878049
0.557,0.448,0.583,24.0,27.0,25.0,13.0,11.0,6.0,HOU,-7,1,0,MIL,0.6341463414634146
0.451,0.389,0.8,25.0,44.0,24.0,13.0,9.0,6.0,DAL,2,0,1,MIL,0.3170731707317073
0.455,0.4,0.615,13.0,34.0,29.0,9.0,6.0,6.0,CHO,-11,0,0,MIL,0.5357142857142857
0.647,0.588,0.773,22.0,39.0,37.0,22.0,10.0,3.0,CHO,13,1,1,MIL,0.5357142857142857
0.4,0.385,0.667,24.0,39.0,20.0,17.0,6.0,4.0,LAL,-24,1,0,MIL,0.6463414634146342
0.419,0.472,0.733,15.0,34.0,26.0,15.0,9.0,1.0,CLE,-12,0,0,MIL,0.6341463414634146
0.489,0.389,0.769,13.0,42.0,30.0,14.0,7.0,2.0,PHI,-9,1,0,MIL,0.5542168674698795
0.512,0.465,0.833,12.0,35.0,29.0,17.0,8.0,7.0,DET,-13,1,0,MIL,0.7317073170731707
0.442,0.351,0.778,18.0,39.0,22.0,13.0,10.0,5.0,POR,-12,1,0,MIL,0.5180722891566265
0.421,0.333,0.643,14.0,47.0,31.0,14.0,7.0,1.0,MIA,-3,0,0,MIL,0.5180722891566265
0.521,0.439,0.68,25.0,35.0,24.0,15.0,9.0,4.0,NYK,-9,0,0,MIL,0.6463414634146342
0.524,0.41,0.706,17.0,43.0,31.0,14.0,13.0,2.0,BRK,17,1,1,MIL,0.24390243902439024
0.548,0.553,0.619,21.0,35.0,29.0,17.0,5.0,4.0,WAS,-3,0,0,MIL,0.2073170731707317
0.488,0.295,0.952,21.0,40.0,28.0,16.0,6.0,6.0,DET,4,1,1,MIL,0.7317073170731707
0.461,0.344,0.741,27.0,37.0,26.0,18.0,8.0,3.0,PHI,-15,1,0,MIL,0.5542168674698795
0.44,0.421,0.688,32.0,36.0,24.0,12.0,11.0,5.0,DET,-12,0,0,MIL,0.7317073170731707
0.582,0.448,0.786,14.0,40.0,28.0,16.0,5.0,5.0,BOS,15,1,1,MIL,0.6829268292682927
0.392,0.229,0.75,16.0,37.0,20.0,20.0,8.0,1.0,BRK,-45,0,0,MIL,0.24390243902439024
0.452,0.405,0.875,16.0,38.0,25.0,16.0,10.0,2.0,TOR,-6,1,0,MIL,0.5609756097560976
0.402,0.289,0.85,20.0,51.0,27.0,18.0,6.0,2.0,MIN,-3,0,0,MIL,0.5975609756097561
0.512,0.333,0.708,24.0,48.0,20.0,15.0,6.0,7.0,IND,17,0,1,MIL,0.23170731707317074
0.429,0.359,0.75,24.0,48.0,18.0,22.0,11.0,2.0,MEM,-21,0,0,MIL,0.3048780487804878
0.465,0.361,0.792,24.0,47.0,22.0,12.0,12.0,3.0,CHI,9,0,1,MIL,0.3780487804878049
0.524,0.471,0.864,22.0,31.0,29.0,9.0,9.0,5.0,CHO,10,0,1,MIL,0.5357142857142857
0.461,0.41,0.682,22.0,48.0,24.0,15.0,2.0,6.0,WAS,-1,1,0,MIL,0.2073170731707317
0.517,0.432,0.889,18.0,36.0,31.0,11.0,7.0,4.0,CHO,1,1,1,MIL,0.5357142857142857
0.448,0.27,0.9,30.0,48.0,23.0,13.0,4.0,2.0,SAC,17,0,1,MIL,0.2682926829268293
0.541,0.438,0.583,12.0,36.0,29.0,12.0,3.0,3.0,GSW,-7,0,0,MIL,0.4523809523809524
0.481,0.353,0.773,22.0,44.0,23.0,17.0,10.0,3.0,LAL,4,0,1,MIL,0.6463414634146342
0.447,0.412,0.7,20.0,44.0,29.0,11.0,5.0,6.0,DEN,-4,0,0,MIL,0.6585365853658537
0.482,0.361,0.579,19.0,32.0,29.0,20.0,12.0,4.0,MIN,-33,1,0,MIL,0.5975609756097561
0.391,0.354,0.727,22.0,37.0,24.0,13.0,6.0,3.0,SAS,-18,0,0,MIL,0.7560975609756098
0.494,0.444,0.72,25.0,47.0,24.0,13.0,8.0,6.0,ATL,2,0,1,MIL,0.5609756097560976
0.494,0.39,0.667,9.0,39.0,30.0,16.0,6.0,0.0,OKC,-20,1,0,MIL,0.7804878048780488
0.4,0.308,0.741,27.0,51.0,24.0,11.0,7.0,8.0,DEN,-2,1,0,MIL,0.6585365853658537
0.512,0.441,0.704,27.0,38.0,29.0,12.0,4.0,4.0,PHI,-17,0,0,MIL,0.5542168674698795
0.418,0.263,0.778,9.0,43.0,25.0,9.0,7.0,9.0,WAS,-10,0,0,MIL,0.2073170731707317
0.354,0.294,0.733,15.0,40.0,17.0,11.0,5.0,0.0,BOS,-28,0,0,MIL,0.6829268292682927
0.515,0.605,0.533,15.0,51.0,33.0,14.0,6.0,4.0,CHI,16,1,1,MIL,0.3780487804878049
0.609,0.447,0.8,10.0,43.0,36.0,15.0,5.0,3.0,NOP,4,1,1,MIL,0.3170731707317073
0.463,0.302,0.667,6.0,48.0,26.0,12.0,4.0,2.0,IND,6,1,1,MIL,0.23170731707317074
0.468,0.364,0.714,21.0,37.0,17.0,20.0,7.0,6.0,ORL,-19,0,0,MIL,0.5476190476190477
0.481,0.389,1.0,24.0,47.0,22.0,16.0,4.0,4.0,ORL,8,0,1,MIL,0.5476190476190477
0.463,0.405,0.714,7.0,49.0,25.0,11.0,9.0,6.0,OKC,17,0,1,MIL,0.7804878048780488
0.598,0.417,0.778,18.0,37.0,28.0,15.0,9.0,8.0,NOP,21,0,1,MIL,0.3170731707317073
0.412,0.281,0.789,19.0,46.0,18.0,19.0,4.0,4.0,TOR,-28,1,0,MIL,0.5609756097560976
0.495,0.41,0.842,19.0,46.0,25.0,11.0,10.0,3.0,MIA,11,1,1,MIL,0.5180722891566265
0.545,0.422,0.6,5.0,36.0,28.0,13.0,7.0,2.0,CLE,2,1,1,MIL,0.6341463414634146
0.429,0.381,0.727,22.0,34.0,24.0,16.0,5.0,3.0,NYK,-29,1,0,MIL,0.6463414634146342
0.368,0.283,0.824,17.0,45.0,26.0,19.0,9.0,3.0,CHI,-23,0,0,MIL,0.3780487804878049
0.365,0.361,0.737,19.0,41.0,18.0,16.0,7.0,3.0,BOS,-27,1,0,MIL,0.6829268292682927
0.5,0.333,0.7,20.0,41.0,27.0,15.0,8.0,2.0,ATL,-18,1,0,MIL,0.5609756097560976
0.482,0.341,0.571,28.0,48.0,33.0,11.0,7.0,5.0,UTA,14,1,1,MIL,0.2682926829268293
0.429,0.295,0.462,13.0,36.0,22.0,17.0,10.0,3.0,ORL,-39,1,0,MIL,0.5476190476190477
0.512,0.421,0.7,20.0,39.0,26.0,17.0,6.0,1.0,PHO,-15,1,0,MIL,0.5476190476190477
0.494,0.346,0.737,19.0,36.0,26.0,14.0,10.0,2.0,MIA,-7,0,0,MIL,0.5180722891566265
0.487,0.324,0.722,18.0,37.0,24.0,23.0,5.0,4.0,ATL,-23,0,0,MIL,0.5609756097560976
0.544,0.523,0.684,19.0,40.0,31.0,9.0,10.0,2.0,IND,11,1,1,MIL,0.23170731707317074
0.477,0.444,0.706,17.0,39.0,24.0,8.0,3.0,6.0,CLE,-7,1,0,MIL,0.6341463414634146
0.41,0.341,0.739,23.0,35.0,20.0,20.0,9.0,2.0,UTA,-32,0,0,MIL,0.2682926829268293
0.5,0.41,0.667,21.0,42.0,20.0,17.0,6.0,4.0,PHO,3,0,1,MIL,0.5476190476190477
0.44,0.39,0.667,9.0,38.0,29.0,23.0,6.0,2.0,LAC,-33,0,0,MIL,0.5060240963855421
0.404,0.311,0.65,20.0,34.0,22.0,17.0,12.0,3.0,POR,-31,0,0,MIL,0.5180722891566265
0.437,0.304,0.833,6.0,37.0,22.0,19.0,9.0,5.0,SAS,-32,1,0,MIL,0.7560975609756098
0.519,0.455,0.867,15.0,27.0,23.0,22.0,13.0,1.0,LAC,-14,1,0,MIL,0.5060240963855421
0.446,0.37,0.808,26.0,59.0,28.0,18.0,7.0,9.0,DAL,24,1,1,MIL,0.3170731707317073
0.472,0.425,0.75,16.0,45.0,21.0,15.0,3.0,1.0,HOU,-6,0,0,MIL,0.6341463414634146
0.422,0.447,0.769,13.0,30.0,24.0,13.0,5.0,4.0,BOS,-32,1,0,MIL,0.6829268292682927
0.602,0.5,0.625,24.0,44.0,30.0,20.0,11.0,5.0,MEM,16,1,1,MIL,0.3048780487804878
0.432,0.333,0.625,8.0,44.0,25.0,20.0,6.0,7.0,BRK,-6,0,0,MIL,0.24390243902439024
0.419,0.34,0.786,28.0,32.0,26.0,16.0,5.0,4.0,DET,-26,0,0,MIL,0.7317073170731707
0.556,0.5,0.688,16.0,44.0,36.0,17.0,5.0,7.0,BRK,17,1,1,MIL,0.24390243902439024
0.433,0.277,0.682,22.0,45.0,26.0,19.0,8.0,2.0,PHI,-20,0,0,MIL,0.5542168674698795
0.488,0.5,0.792,24.0,45.0,21.0,19.0,10.0,10.0,POR,4,0,1,MIN,0.5180722891566265
0.466,0.342,0.714,21.0,40.0,24.0,12.0,4.0,3.0,LAL,-18,0,0,MIN,0.6463414634146342
0.464,0.303,0.703,37.0,48.0,19.0,14.0,9.0,4.0,IND,4,1,1,MIN,0.23170731707317074
0.471,0.313,0.828,29.0,33.0,19.0,15.0,8.0,9.0,DEN,-13,1,0,MIN,0.6585365853658537
0.5,0.5,0.818,22.0,34.0,30.0,18.0,8.0,5.0,LAL,-1,1,0,MIN,0.6463414634146342
0.54,0.472,0.786,14.0,38.0,31.0,10.0,8.0,2.0,CHO,17,0,1,MIN,0.5357142857142857
0.564,0.4,0.657,35.0,53.0,33.0,17.0,6.0,4.0,BRK,16,0,1,MIN,0.24390243902439024
0.482,0.475,0.882,17.0,31.0,30.0,17.0,6.0,2.0,NYK,-23,0,0,MIN,0.6463414634146342
0.568,0.472,0.741,27.0,52.0,32.0,21.0,10.0,10.0,UTA,40,1,1,MIN,0.2682926829268293
0.536,0.391,0.917,24.0,44.0,28.0,11.0,11.0,9.0,SAC,27,0,1,MIN,0.2682926829268293
0.472,0.303,0.929,28.0,42.0,25.0,11.0,8.0,5.0,UTA,7,0,1,MIN,0.2682926829268293
0.488,0.324,0.7,40.0,51.0,28.0,18.0,10.0,3.0,SAC,14,1,1,MIN,0.2682926829268293
0.466,0.294,0.87,23.0,40.0,23.0,13.0,9.0,7.0,DEN,-11,1,0,MIN,0.6585365853658537
0.454,0.318,0.72,25.0,59.0,27.0,17.0,16.0,5.0,DAL,24,1,1,MIN,0.3170731707317073
0.447,0.342,0.719,32.0,50.0,28.0,10.0,11.0,4.0,WAS,11,1,1,MIN,0.2073170731707317
0.453,0.324,0.697,33.0,37.0,18.0,22.0,17.0,4.0,PHO,-1,0,0,MIN,0.5476190476190477
0.412,0.31,0.864,22.0,55.0,21.0,16.0,9.0,4.0,SAC,-5,0,0,MIN,0.2682926829268293
0.413,0.459,0.595,37.0,44.0,25.0,16.0,4.0,5.0,OKC,-8,0,0,MIN,0.7804878048780488
0.494,0.438,0.8,20.0,37.0,31.0,15.0,3.0,4.0,BOS,4,1,1,MIN,0.6829268292682927
0.563,0.459,0.769,13.0,36.0,35.0,13.0,5.0,0.0,SAS,13,1,1,MIN,0.7560975609756098
0.5,0.392,0.862,29.0,41.0,29.0,9.0,7.0,4.0,NOP,7,0,1,MIN,0.3170731707317073
0.457,0.395,0.897,29.0,49.0,30.0,20.0,5.0,10.0,NOP,9,0,1,MIN,0.3170731707317073
0.5,0.44,0.882,34.0,35.0,23.0,14.0,6.0,5.0,LAC,3,1,1,MIN,0.5060240963855421
0.47,0.262,0.696,23.0,46.0,26.0,15.0,5.0,1.0,PHO,-3,1,0,MIN,0.5476190476190477
0.539,0.355,0.714,28.0,44.0,30.0,11.0,8.0,3.0,GSW,7,0,1,MIN,0.4523809523809524
0.457,0.324,0.704,27.0,48.0,25.0,12.0,12.0,5.0,SAC,14,1,1,MIN,0.2682926829268293
0.398,0.295,0.704,27.0,52.0,26.0,18.0,11.0,8.0,MEM,-6,1,0,MIN,0.3048780487804878
0.375,0.351,0.702,47.0,57.0,20.0,13.0,8.0,6.0,OKC,5,1,1,MIN,0.7804878048780488
0.42,0.304,0.652,23.0,46.0,28.0,10.0,10.0,4.0,MIL,3,1,1,MIN,0.3902439024390244
0.452,0.326,0.696,23.0,42.0,25.0,11.0,12.0,9.0,NYK,11,1,1,MIN,0.6463414634146342
0.49,0.267,0.8,30.0,47.0,31.0,15.0,10.0,12.0,DEN,-4,0,0,MIN,0.6585365853658537
0.446,0.419,0.714,28.0,34.0,27.0,11.0,8.0,1.0,BRK,-16,1,0,MIN,0.24390243902439024
0.537,0.405,0.76,25.0,46.0,32.0,5.0,9.0,9.0,CHI,35,0,1,MIN,0.3780487804878049
0.425,0.35,0.778,18.0,46.0,22.0,16.0,5.0,6.0,ATL,-24,0,0,MIN,0.5609756097560976
0.541,0.289,0.88,25.0,40.0,26.0,14.0,9.0,5.0,MIA,10,0,1,MIN,0.5180722891566265
0.561,0.297,0.741,27.0,51.0,29.0,14.0,14.0,6.0,WAS,26,0,1,MIN,0.2073170731707317
0.459,0.359,0.783,23.0,63.0,27.0,12.0,7.0,8.0,MIA,28,1,1,MIN,0.5180722891566265
0.573,0.526,0.529,17.0,45.0,33.0,17.0,8.0,2.0,CLE,9,1,1,MIN,0.6341463414634146
0.573,0.5,0.8,20.0,40.0,31.0,16.0,8.0,7.0,CLE,-12,0,0,MIN,0.6341463414634146
0.433,0.308,0.56,25.0,50.0,23.0,9.0,9.0,7.0,SAS,1,1,1,MIN,0.7560975609756098
0.598,0.524,0.583,12.0,44.0,37.0,16.0,9.0,2.0,MIL,33,0,1,MIN,0.3902439024390244
0.463,0.367,0.571,35.0,45.0,21.0,16.0,7.0,7.0,HOU,-5,0,0,MIN,0.6341463414634146
0.467,0.412,0.893,28.0,41.0,22.0,11.0,7.0,7.0,SAS,-3,0,0,MIN,0.7560975609756098
0.44,0.298,0.741,27.0,46.0,28.0,11.0,12.0,6.0,UTA,-5,0,0,MIN,0.2682926829268293
0.462,0.366,0.933,15.0,45.0,29.0,14.0,6.0,9.0,CHI,-5,1,0,MIN,0.3780487804878049
0.38,0.342,0.6,20.0,50.0,16.0,26.0,6.0,5.0,GSW,-26,1,0,MIN,0.4523809523809524
0.457,0.4,0.769,26.0,56.0,29.0,22.0,12.0,10.0,GSW,25,1,1,MIN,0.4523809523809524
0.457,0.353,0.741,27.0,42.0,26.0,12.0,15.0,6.0,DAL,13,0,1,MIN,0.3170731707317073
0.506,0.468,0.611,18.0,46.0,26.0,20.0,12.0,7.0,OKC,12,1,1,MIN,0.7804878048780488
0.528,0.486,0.792,24.0,45.0,28.0,15.0,12.0,5.0,MEM,17,0,1,MIN,0.3048780487804878
0.489,0.39,0.774,31.0,40.0,24.0,9.0,4.0,7.0,MEM,-9,0,0,MIN,0.3048780487804878
0.505,0.41,0.56,25.0,46.0,26.0,10.0,8.0,5.0,TOR,2,0,1,MIN,0.5609756097560976
0.421,0.325,0.846,26.0,47.0,22.0,10.0,7.0,7.0,NOP,-4,1,0,MIN,0.3170731707317073
0.446,0.242,0.636,22.0,41.0,17.0,21.0,8.0,2.0,LAC,-19,1,0,MIN,0.5060240963855421
0.598,0.381,0.571,21.0,41.0,36.0,15.0,10.0,9.0,ATL,22,1,1,MIN,0.5609756097560976
0.517,0.412,0.829,35.0,43.0,26.0,15.0,14.0,6.0,POR,24,1,1,MIN,0.5180722891566265
0.475,0.381,0.632,19.0,54.0,28.0,19.0,7.0,8.0,DAL,11,1,1,MIN,0.3170731707317073
0.479,0.303,0.833,36.0,39.0,22.0,21.0,7.0,8.0,PHI,-27,1,0,MIN,0.5542168674698795
0.534,0.486,0.684,19.0,41.0,26.0,16.0,14.0,8.0,POR,3,0,1,MIN,0.5180722891566265
0.434,0.308,0.737,19.0,41.0,23.0,13.0,8.0,5.0,LAC,6,0,1,MIN,0.5060240963855421
0.541,0.389,0.579,19.0,41.0,33.0,14.0,11.0,5.0,DEN,9,0,1,MIN,0.6585365853658537
0.476,0.294,0.794,34.0,52.0,19.0,18.0,8.0,2.0,MEM,7,1,1,MIN,0.3048780487804878
0.519,0.419,0.783,23.0,41.0,24.0,13.0,10.0,5.0,TOR,8,1,1,MIN,0.5609756097560976
0.357,0.225,0.742,31.0,37.0,17.0,12.0,10.0,5.0,ORL,-27,1,0,MIN,0.5476190476190477
0.463,0.25,0.786,28.0,43.0,22.0,11.0,4.0,5.0,LAL,-14,0,0,MIN,0.6463414634146342
0.597,0.44,0.862,29.0,28.0,32.0,21.0,5.0,1.0,LAC,-25,0,0,MIN,0.5060240963855421
0.561,0.4,0.885,26.0,45.0,25.0,17.0,6.0,5.0,GSW,10,0,1,MIN,0.4523809523809524
0.468,0.455,0.727,22.0,46.0,18.0,25.0,5.0,5.0,OKC,-13,0,0,MIN,0.7804878048780488
0.512,0.321,0.724,29.0,49.0,28.0,18.0,8.0,11.0,PHO,12,1,1,MIN,0.5476190476190477
0.542,0.462,0.833,30.0,46.0,39.0,17.0,15.0,5.0,UTA,36,1,1,MIN,0.2682926829268293
0.396,0.321,0.793,29.0,43.0,21.0,13.0,11.0,5.0,POR,-4,1,0,MIN,0.5180722891566265
0.429,0.364,0.8,15.0,56.0,24.0,14.0,7.0,7.0,BOS,10,0,1,MIN,0.6829268292682927
0.417,0.351,0.7,10.0,49.0,27.0,17.0,11.0,12.0,HOU,2,1,1,MIN,0.6341463414634146
0.318,0.209,0.727,33.0,38.0,18.0,15.0,8.0,4.0,DET,-22,1,0,MIN,0.7317073170731707
0.531,0.452,0.667,12.0,51.0,33.0,11.0,8.0,6.0,DAL,30,0,1,MIN,0.3170731707317073
0.442,0.31,0.76,25.0,40.0,22.0,14.0,8.0,8.0,DET,-5,0,0,MIN,0.7317073170731707
0.376,0.326,0.65,20.0,43.0,21.0,12.0,8.0,4.0,PHI,-12,0,0,MIN,0.5542168674698795
0.458,0.368,0.783,23.0,39.0,24.0,18.0,8.0,4.0,CHO,-14,1,0,MIN,0.5357142857142857
0.517,0.415,0.938,16.0,39.0,27.0,20.0,16.0,4.0,IND,20,0,1,MIN,0.23170731707317074
0.5,0.409,0.857,14.0,33.0,22.0,16.0,10.0,7.0,ORL,-12,0,0,MIN,0.5476190476190477
0.573,0.5,0.76,25.0,25.0,27.0,8.0,7.0,7.0,HOU,4,0,1,MIN,0.6341463414634146
0.506,0.27,0.744,43.0,47.0,32.0,11.0,5.0,13.0,NOP,6,1,1,MIN,0.3170731707317073
0.459,0.37,0.71,31.0,47.0,20.0,15.0,10.0,4.0,MEM,-6,0,0,NOP,0.3048780487804878
0.433,0.313,0.759,29.0,45.0,24.0,15.0,10.0,3.0,SAS,-4,1,0,NOP,0.7560975609756098
0.333,0.25,0.893,28.0,35.0,17.0,14.0,7.0,0.0,BOS,-32,1,0,NOP,0.6829268292682927
0.376,0.206,0.586,29.0,36.0,17.0,14.0,9.0,3.0,DEN,-34,0,0,NOP,0.6585365853658537
0.482,0.486,0.897,29.0,43.0,28.0,15.0,8.0,4.0,LAC,-2,0,0,NOP,0.5060240963855421
0.438,0.4,0.625,32.0,38.0,26.0,17.0,6.0,3.0,OKC,-31,0,0,NOP,0.7804878048780488
0.478,0.447,0.684,19.0,39.0,27.0,13.0,9.0,3.0,CHO,4,1,1,NOP,0.5357142857142857
0.429,0.323,0.813,16.0,56.0,18.0,16.0,10.0,3.0,DAL,2,0,1,NOP,0.3170731707317073
0.479,0.395,0.824,17.0,40.0,27.0,12.0,7.0,2.0,SAS,-7,0,0,NOP,0.7560975609756098
0.41,0.313,0.769,26.0,40.0,18.0,20.0,12.0,3.0,PHO,-23,0,0,NOP,0.5476190476190477
0.473,0.333,0.857,21.0,35.0,28.0,10.0,6.0,2.0,POR,-8,1,0,NOP,0.5180722891566265
0.438,0.353,0.778,18.0,42.0,24.0,20.0,11.0,3.0,LAL,-14,1,0,NOP,0.6463414634146342
0.458,0.276,0.759,29.0,45.0,22.0,21.0,11.0,4.0,GSW,-18,1,0,NOP,0.4523809523809524
0.488,0.429,0.867,15.0,35.0,21.0,22.0,9.0,4.0,OKC,-17,1,0,NOP,0.7804878048780488
0.449,0.206,0.742,31.0,44.0,25.0,12.0,12.0,5.0,DEN,-7,1,0,NOP,0.6585365853658537
0.462,0.259,0.774,31.0,42.0,25.0,13.0,15.0,4.0,DAL,-3,0,0,NOP,0.3170731707317073
0.417,0.296,0.833,24.0,48.0,21.0,18.0,5.0,6.0,ATL,-17,1,0,NOP,0.5609756097560976
0.51,0.371,0.686,35.0,55.0,28.0,14.0,13.0,5.0,CHI,13,1,1,NOP,0.3780487804878049
0.495,0.422,0.9,10.0,40.0,34.0,15.0,10.0,9.0,MEM,-5,1,0,NOP,0.3048780487804878
0.372,0.233,0.735,34.0,50.0,16.0,13.0,7.0,2.0,GSW,-8,0,0,NOP,0.4523809523809524
0.505,0.5,0.8,20.0,40.0,23.0,8.0,6.0,1.0,LAL,-12,0,0,NOP,0.6463414634146342
0.549,0.571,0.857,35.0,42.0,26.0,13.0,5.0,1.0,MIN,-7,1,0,NOP,0.5975609756097561
0.453,0.28,0.885,26.0,43.0,29.0,12.0,11.0,3.0,MIN,-9,1,0,NOP,0.5975609756097561
0.451,0.36,0.818,22.0,36.0,30.0,17.0,9.0,3.0,BRK,-18,0,0,NOP,0.24390243902439024
0.58,0.269,0.885,26.0,33.0,35.0,9.0,8.0,6.0,SAS,-3,1,0,NOP,0.7560975609756098
0.518,0.375,0.882,17.0,57.0,36.0,10.0,10.0,8.0,POR,23,1,1,NOP,0.5180722891566265
0.462,0.242,0.8,25.0,53.0,21.0,15.0,7.0,5.0,CHI,10,0,1,NOP,0.3780487804878049
0.505,0.407,0.857,28.0,41.0,27.0,12.0,15.0,7.0,HOU,5,1,1,NOP,0.6341463414634146
0.529,0.333,0.853,34.0,49.0,25.0,18.0,6.0,2.0,IND,19,1,1,NOP,0.23170731707317074
0.454,0.235,0.852,27.0,51.0,28.0,13.0,9.0,2.0,DAL,6,1,1,NOP,0.3170731707317073
0.457,0.423,0.84,25.0,43.0,26.0,16.0,10.0,2.0,CLE,-23,0,0,NOP,0.6341463414634146
0.443,0.2,0.595,42.0,38.0,22.0,12.0,10.0,2.0,PHO,-7,1,0,NOP,0.5476190476190477
0.437,0.333,0.879,33.0,43.0,16.0,13.0,11.0,7.0,PHO,-9,1,0,NOP,0.5476190476190477
0.458,0.389,0.852,27.0,50.0,27.0,12.0,6.0,8.0,NYK,-5,1,0,NOP,0.6463414634146342
0.429,0.316,0.815,27.0,46.0,25.0,10.0,4.0,9.0,CHI,-16,0,0,NOP,0.3780487804878049
0.449,0.267,0.722,18.0,42.0,22.0,15.0,8.0,11.0,POR,-13,1,0,NOP,0.5180722891566265
0.467,0.4,0.75,8.0,42.0,28.0,26.0,9.0,7.0,MIA,-19,0,0,NOP,0.5180722891566265
0.44,0.25,0.722,18.0,44.0,28.0,16.0,8.0,2.0,LAL,-8,1,0,NOP,0.6463414634146342
0.442,0.286,0.64,25.0,40.0,26.0,19.0,13.0,9.0,ATL,-17,0,0,NOP,0.5609756097560976
0.537,0.324,0.625,24.0,51.0,30.0,19.0,12.0,4.0,WAS,21,0,1,NOP,0.2073170731707317
0.575,0.538,0.8,15.0,26.0,27.0,16.0,8.0,9.0,ORL,-10,0,0,NOP,0.5476190476190477
0.453,0.379,0.871,31.0,51.0,21.0,15.0,6.0,4.0,DEN,-6,1,0,NOP,0.6585365853658537
0.443,0.333,0.76,25.0,53.0,24.0,9.0,5.0,7.0,BRK,3,1,1,NOP,0.24390243902439024
0.5,0.419,0.8,30.0,42.0,22.0,9.0,4.0,4.0,IND,-8,0,0,NOP,0.23170731707317074
0.5,0.385,0.8,15.0,39.0,27.0,14.0,10.0,5.0,HOU,-9,0,0,NOP,0.6341463414634146
0.419,0.219,0.833,30.0,46.0,19.0,19.0,13.0,6.0,DET,-8,1,0,NOP,0.7317073170731707
0.465,0.361,0.848,33.0,49.0,29.0,10.0,14.0,4.0,MEM,6,0,1,NOP,0.3048780487804878
0.402,0.265,0.765,17.0,58.0,23.0,10.0,3.0,5.0,SAS,9,0,1,NOP,0.7560975609756098
0.343,0.25,0.773,22.0,54.0,25.0,9.0,13.0,11.0,OKC,-9,0,0,NOP,0.7804878048780488
0.489,0.242,0.769,26.0,42.0,24.0,16.0,13.0,6.0,MEM,8,1,1,NOP,0.3048780487804878
0.435,0.417,0.864,22.0,46.0,23.0,10.0,5.0,11.0,PHI,-10,0,0,NOP,0.5542168674698795
0.393,0.324,0.72,25.0,34.0,23.0,8.0,9.0,4.0,CHO,-7,0,0,NOP,0.5357142857142857
0.479,0.522,0.793,29.0,38.0,32.0,8.0,9.0,2.0,MIL,-4,0,0,NOP,0.3902439024390244
0.538,0.441,0.818,22.0,39.0,29.0,16.0,5.0,5.0,MIN,4,0,1,NOP,0.5975609756097561
0.54,0.41,0.625,16.0,39.0,30.0,13.0,8.0,5.0,SAC,26,1,1,NOP,0.2682926829268293
0.457,0.355,0.842,19.0,46.0,27.0,13.0,5.0,3.0,MIA,-12,1,0,NOP,0.5180722891566265
0.54,0.16,0.714,28.0,37.0,22.0,14.0,10.0,5.0,MIL,-21,1,0,NOP,0.3902439024390244
0.494,0.5,0.763,38.0,49.0,25.0,15.0,5.0,8.0,PHI,15,1,1,NOP,0.5542168674698795
0.426,0.25,0.739,23.0,53.0,20.0,17.0,12.0,9.0,GSW,4,1,1,NOP,0.4523809523809524
0.523,0.382,0.889,27.0,40.0,37.0,18.0,13.0,8.0,UTA,11,0,1,NOP,0.2682926829268293
0.459,0.341,0.759,29.0,58.0,32.0,19.0,5.0,11.0,UTA,10,0,1,NOP,0.2682926829268293
0.449,0.364,0.833,30.0,41.0,22.0,17.0,6.0,4.0,LAC,-20,0,0,NOP,0.5060240963855421
0.422,0.276,0.895,19.0,41.0,29.0,19.0,12.0,3.0,LAL,-9,0,0,NOP,0.6463414634146342
0.5,0.353,0.852,27.0,52.0,27.0,12.0,7.0,11.0,SAC,10,0,1,NOP,0.2682926829268293
0.446,0.357,0.865,37.0,42.0,18.0,15.0,8.0,3.0,PHO,-2,0,0,NOP,0.5476190476190477
0.528,0.304,0.787,47.0,44.0,25.0,8.0,11.0,6.0,WAS,20,1,1,NOP,0.2073170731707317
0.511,0.483,0.75,24.0,49.0,27.0,16.0,10.0,5.0,TOR,11,1,1,NOP,0.5609756097560976
0.44,0.406,0.692,26.0,48.0,19.0,13.0,7.0,6.0,HOU,-2,0,0,NOP,0.6341463414634146
0.505,0.314,0.647,34.0,57.0,31.0,14.0,7.0,12.0,DAL,18,1,1,NOP,0.3170731707317073
0.53,0.432,0.952,21.0,40.0,32.0,19.0,12.0,6.0,LAC,15,1,1,NOP,0.5060240963855421
0.474,0.382,0.818,22.0,40.0,21.0,16.0,11.0,2.0,LAC,6,1,1,NOP,0.5060240963855421
0.433,0.3,0.8,20.0,40.0,30.0,9.0,10.0,7.0,CLE,-5,1,0,NOP,0.6341463414634146
0.511,0.441,0.846,13.0,34.0,33.0,7.0,5.0,3.0,NYK,-5,0,0,NOP,0.6463414634146342
0.463,0.36,0.458,24.0,42.0,26.0,15.0,12.0,7.0,DET,-21,0,0,NOP,0.7317073170731707
0.419,0.25,0.84,25.0,43.0,21.0,14.0,7.0,8.0,TOR,-13,0,0,NOP,0.5609756097560976
0.43,0.31,0.679,28.0,36.0,19.0,11.0,4.0,9.0,HOU,-32,1,0,NOP,0.6341463414634146
0.452,0.391,0.808,26.0,44.0,25.0,19.0,9.0,5.0,POR,-12,0,0,NOP,0.5180722891566265
0.476,0.412,0.905,21.0,36.0,24.0,13.0,12.0,3.0,SAC,-4,0,0,NOP,0.2682926829268293
0.417,0.323,0.778,36.0,47.0,18.0,15.0,7.0,8.0,ORL,-4,1,0,NOP,0.5476190476190477
0.575,0.412,0.87,23.0,48.0,32.0,17.0,15.0,5.0,UTA,19,1,1,NOP,0.2682926829268293
0.458,0.281,0.7,30.0,44.0,22.0,13.0,6.0,3.0,BOS,-26,0,0,NOP,0.6829268292682927
0.421,0.238,0.816,38.0,52.0,20.0,9.0,9.0,6.0,MIN,-6,0,0,NOP,0.5975609756097561
0.43,0.35,0.861,36.0,48.0,22.0,14.0,8.0,4.0,CLE,8,1,1,NYK,0.6341463414634146
0.384,0.378,0.88,25.0,53.0,23.0,20.0,7.0,4.0,BOS,10,1,1,NYK,0.6829268292682927
0.388,0.278,0.762,21.0,52.0,23.0,16.0,9.0,3.0,MIA,-8,0,0,NYK,0.5180722891566265
0.424,0.325,0.87,23.0,45.0,24.0,13.0,9.0,2.0,MIL,-10,0,0,NYK,0.3902439024390244
0.495,0.4,0.739,23.0,39.0,27.0,12.0,3.0,5.0,CHI,-10,0,0,NYK,0.3780487804878049
0.453,0.476,1.0,22.0,47.0,31.0,11.0,7.0,5.0,CHI,12,1,1,NYK,0.3780487804878049
0.468,0.366,0.8,20.0,49.0,32.0,12.0,12.0,4.0,WAS,17,1,1,NYK,0.2073170731707317
0.539,0.452,0.889,9.0,50.0,32.0,14.0,7.0,8.0,MIN,23,1,1,NYK,0.5975609756097561
0.539,0.459,0.808,26.0,46.0,31.0,14.0,9.0,3.0,BRK,36,1,1,NYK,0.24390243902439024
0.48,0.4,0.85,20.0,44.0,35.0,15.0,12.0,2.0,MEM,13,1,1,NYK,0.3048780487804878
0.443,0.306,0.783,23.0,37.0,20.0,14.0,10.0,3.0,ORL,-17,1,0,NYK,0.5476190476190477
0.462,0.396,0.793,29.0,51.0,32.0,8.0,9.0,2.0,MIA,8,1,1,NYK,0.5180722891566265
0.457,0.25,0.75,24.0,48.0,23.0,17.0,7.0,7.0,MIA,-2,0,0,NYK,0.5180722891566265
0.441,0.286,0.543,35.0,49.0,27.0,9.0,8.0,10.0,DAL,2,0,1,NYK,0.3170731707317073
0.544,0.351,0.786,28.0,36.0,28.0,17.0,5.0,4.0,ORL,-12,0,0,NYK,0.5476190476190477
0.511,0.343,0.786,14.0,43.0,28.0,8.0,6.0,6.0,BRK,13,0,1,NYK,0.24390243902439024
0.568,0.52,0.889,18.0,41.0,26.0,15.0,12.0,4.0,CHO,28,0,1,NYK,0.5357142857142857
0.452,0.412,0.848,33.0,44.0,25.0,13.0,10.0,2.0,MIL,9,1,1,NYK,0.3902439024390244
0.458,0.356,0.75,16.0,61.0,27.0,18.0,9.0,3.0,TOR,22,1,1,NYK,0.5609756097560976
0.506,0.432,0.706,17.0,33.0,29.0,12.0,5.0,2.0,BOS,-6,0,0,NYK,0.6829268292682927
0.477,0.316,0.852,27.0,44.0,28.0,9.0,9.0,6.0,CHO,15,1,1,NYK,0.5357142857142857
0.56,0.5,0.885,26.0,46.0,30.0,13.0,9.0,2.0,UTA,34,1,1,NYK,0.2682926829268293
0.429,0.314,0.85,20.0,52.0,24.0,11.0,8.0,7.0,ORL,6,1,1,NYK,0.5476190476190477
0.525,0.457,0.607,28.0,48.0,19.0,14.0,9.0,7.0,TOR,16,0,1,NYK,0.5609756097560976
0.607,0.35,0.742,31.0,41.0,28.0,12.0,9.0,7.0,ORL,12,0,1,NYK,0.5476190476190477
0.467,0.395,0.579,19.0,46.0,31.0,16.0,10.0,5.0,IND,1,0,1,NYK,0.23170731707317074
0.443,0.25,0.84,25.0,57.0,26.0,18.0,3.0,3.0,PHI,-9,1,0,NYK,0.5542168674698795
0.553,0.526,0.857,21.0,36.0,28.0,13.0,7.0,3.0,MIA,7,1,1,NYK,0.5180722891566265
0.414,0.367,0.733,15.0,55.0,20.0,19.0,8.0,2.0,MIN,-11,0,0,NYK,0.5975609756097561
0.468,0.477,0.773,22.0,43.0,28.0,13.0,9.0,4.0,CLE,2,1,1,NYK,0.6341463414634146
0.453,0.349,0.844,32.0,55.0,27.0,14.0,9.0,4.0,ATL,3,0,1,NYK,0.5609756097560976
0.484,0.455,0.947,19.0,42.0,35.0,9.0,8.0,4.0,NOP,5,0,1,NYK,0.3170731707317073
0.479,0.423,0.9,20.0,40.0,32.0,10.0,7.0,2.0,SAS,-2,0,0,NYK,0.7560975609756098
0.371,0.214,0.857,21.0,52.0,27.0,15.0,8.0,6.0,ATL,-12,1,0,NYK,0.5609756097560976
0.427,0.4,0.844,32.0,44.0,23.0,16.0,9.0,2.0,PHI,-11,1,0,NYK,0.5542168674698795
0.421,0.433,0.929,14.0,30.0,15.0,20.0,7.0,3.0,DET,-31,0,0,NYK,0.7317073170731707
0.5,0.424,0.882,17.0,48.0,31.0,12.0,5.0,6.0,LAC,12,1,1,NYK,0.5060240963855421
0.451,0.39,0.81,21.0,50.0,22.0,18.0,3.0,1.0,PHO,-5,0,0,NYK,0.5476190476190477
0.505,0.37,0.75,8.0,45.0,32.0,12.0,11.0,7.0,POR,9,0,1,NYK,0.5180722891566265
0.39,0.195,0.652,23.0,45.0,23.0,9.0,11.0,6.0,SAC,-11,0,0,NYK,0.2682926829268293
0.462,0.368,0.789,19.0,41.0,28.0,12.0,3.0,2.0,GSW,-13,0,0,NYK,0.4523809523809524
0.402,0.318,0.76,25.0,47.0,20.0,17.0,9.0,5.0,PHO,-7,1,0,NYK,0.5476190476190477
0.4,0.29,0.6,20.0,53.0,22.0,17.0,10.0,5.0,DAL,-17,1,0,NYK,0.3170731707317073
0.575,0.5,0.706,17.0,56.0,28.0,12.0,10.0,6.0,BRK,54,1,1,NYK,0.24390243902439024
0.441,0.341,0.556,27.0,53.0,27.0,11.0,6.0,5.0,PHI,3,0,1,NYK,0.5542168674698795
0.474,0.406,0.889,18.0,44.0,24.0,21.0,11.0,1.0,SAC,16,1,1,NYK,0.2682926829268293
0.5,0.368,0.833,18.0,48.0,32.0,18.0,12.0,5.0,TOR,27,0,1,NYK,0.5609756097560976
0.485,0.422,0.857,14.0,52.0,29.0,14.0,9.0,3.0,POR,30,1,1,NYK,0.5180722891566265
0.473,0.429,0.727,11.0,46.0,30.0,10.0,7.0,2.0,LAL,12,1,1,NYK,0.6463414634146342
0.522,0.459,0.778,27.0,50.0,34.0,9.0,6.0,5.0,WAS,31,0,1,NYK,0.2073170731707317
0.5,0.36,0.842,19.0,45.0,28.0,12.0,4.0,2.0,DEN,7,1,1,NYK,0.6585365853658537
0.354,0.242,0.824,17.0,35.0,22.0,15.0,6.0,1.0,DET,-38,0,0,NYK,0.7317073170731707
0.482,0.4,0.708,24.0,46.0,23.0,8.0,5.0,3.0,BOS,22,0,1,NYK,0.6829268292682927
0.5,0.304,0.741,27.0,46.0,33.0,12.0,4.0,4.0,IND,-3,1,0,NYK,0.23170731707317074
0.527,0.455,0.815,27.0,51.0,41.0,15.0,13.0,6.0,PHI,49,0,1,NYK,0.5542168674698795
0.471,0.229,0.75,28.0,38.0,24.0,12.0,9.0,7.0,DET,-15,1,0,NYK,0.7317073170731707
0.494,0.385,0.875,16.0,29.0,26.0,12.0,11.0,0.0,HOU,2,1,1,NYK,0.6341463414634146
0.452,0.357,0.667,21.0,50.0,27.0,13.0,9.0,4.0,CHI,6,0,1,NYK,0.3780487804878049
0.407,0.27,0.667,21.0,44.0,23.0,17.0,7.0,8.0,CLE,-15,0,0,NYK,0.6341463414634146
0.523,0.5,0.875,16.0,44.0,33.0,11.0,7.0,6.0,MIL,29,0,1,NYK,0.3902439024390244
0.443,0.354,0.579,19.0,54.0,27.0,14.0,13.0,3.0,SAS,25,1,1,NYK,0.7560975609756098
0.568,0.345,0.75,12.0,43.0,32.0,18.0,10.0,4.0,TOR,16,0,1,NYK,0.5609756097560976
0.42,0.286,0.727,22.0,48.0,23.0,14.0,5.0,3.0,OKC,-3,1,0,NYK,0.7804878048780488
0.579,0.471,0.762,21.0,50.0,44.0,11.0,11.0,4.0,DEN,39,0,1,NYK,0.6585365853658537
0.427,0.235,0.905,21.0,47.0,23.0,19.0,7.0,2.0,LAL,-13,0,0,NYK,0.6463414634146342
0.511,0.35,0.75,16.0,51.0,32.0,20.0,5.0,1.0,LAC,-8,0,0,NYK,0.5060240963855421
0.522,0.425,0.955,22.0,45.0,37.0,12.0,10.0,3.0,UTA,17,0,1,NYK,0.2682926829268293
0.42,0.286,0.76,25.0,53.0,20.0,12.0,4.0,4.0,IND,9,0,1,NYK,0.23170731707317074
0.464,0.313,0.957,23.0,44.0,23.0,15.0,9.0,6.0,GSW,3,1,1,NYK,0.4523809523809524
0.54,0.439,0.769,13.0,49.0,38.0,9.0,13.0,3.0,IND,26,1,1,NYK,0.23170731707317074
0.408,0.276,0.719,32.0,52.0,22.0,22.0,10.0,5.0,BRK,1,0,1,NYK,0.24390243902439024
0.585,0.531,0.947,19.0,48.0,32.0,14.0,6.0,2.0,WAS,32,1,1,NYK,0.2073170731707317
0.518,0.394,0.909,22.0,41.0,29.0,11.0,5.0,4.0,NOP,5,1,1,NYK,0.3170731707317073
0.512,0.379,0.889,9.0,24.0,26.0,10.0,8.0,2.0,CHO,-11,0,0,NYK,0.5357142857142857
0.439,0.429,0.765,17.0,41.0,19.0,19.0,8.0,3.0,OKC,-11,0,0,NYK,0.7804878048780488
0.424,0.294,0.75,16.0,41.0,22.0,11.0,5.0,2.0,HOU,-17,0,0,NYK,0.6341463414634146
0.552,0.406,0.875,24.0,49.0,36.0,19.0,7.0,6.0,MEM,11,0,1,NYK,0.3048780487804878
0.527,0.385,0.893,28.0,54.0,30.0,9.0,11.0,3.0,CHI,40,1,1,NYK,0.3780487804878049
0.5,0.333,0.765,17.0,47.0,29.0,17.0,9.0,7.0,ATL,3,0,1,NYK,0.5609756097560976
0.538,0.429,0.733,15.0,30.0,29.0,7.0,9.0,2.0,BOS,6,1,1,NYK,0.6829268292682927
0.547,0.258,0.815,27.0,37.0,24.0,12.0,10.0,0.0,TOR,17,1,1,NYK,0.5609756097560976
0.433,0.325,0.625,8.0,39.0,25.0,11.0,10.0,3.0,CHO,-14,1,0,NYK,0.5357142857142857
0.442,0.25,0.8,25.0,38.0,29.0,12.0,12.0,4.0,HOU,1,1,1,OKC,0.6341463414634146
0.453,0.286,0.882,51.0,60.0,17.0,14.0,6.0,2.0,IND,6,0,1,OKC,0.23170731707317074
0.462,0.378,0.895,19.0,50.0,21.0,13.0,13.0,3.0,ATL,17,0,1,OKC,0.5609756097560976
0.467,0.2,0.846,13.0,55.0,21.0,13.0,5.0,5.0,DAL,7,0,1,OKC,0.3170731707317073
0.457,0.318,0.9,10.0,44.0,26.0,15.0,11.0,10.0,SAC,6,1,1,OKC,0.2682926829268293
0.449,0.327,0.821,28.0,47.0,29.0,6.0,16.0,8.0,WAS,19,1,1,OKC,0.2073170731707317
0.56,0.417,0.885,26.0,42.0,33.0,13.0,12.0,5.0,NOP,31,1,1,OKC,0.3170731707317073
0.523,0.474,0.818,22.0,40.0,28.0,11.0,12.0,6.0,LAC,19,0,1,OKC,0.5060240963855421
0.418,0.395,0.903,31.0,50.0,24.0,15.0,9.0,5.0,POR,-2,0,0,OKC,0.5180722891566265
0.538,0.371,0.875,24.0,52.0,27.0,11.0,9.0,8.0,SAC,31,0,1,OKC,0.2682926829268293
0.432,0.233,0.846,26.0,51.0,19.0,6.0,10.0,3.0,MEM,14,0,1,OKC,0.3048780487804878
0.506,0.444,0.839,31.0,40.0,29.0,20.0,12.0,4.0,GSW,24,1,1,OKC,0.4523809523809524
0.5,0.308,0.913,23.0,42.0,28.0,11.0,14.0,4.0,LAL,29,1,1,OKC,0.6463414634146342
0.506,0.478,0.8,10.0,50.0,26.0,14.0,9.0,6.0,CHO,13,0,1,OKC,0.5357142857142857
0.494,0.405,0.821,28.0,38.0,30.0,18.0,12.0,6.0,NOP,17,0,1,OKC,0.3170731707317073
0.466,0.263,0.913,23.0,45.0,22.0,16.0,9.0,10.0,SAC,14,1,1,OKC,0.2682926829268293
0.614,0.622,0.76,25.0,26.0,36.0,14.0,15.0,4.0,UTA,32,0,1,OKC,0.2682926829268293
0.529,0.417,0.739,23.0,49.0,33.0,14.0,9.0,8.0,POR,27,1,1,OKC,0.5180722891566265
0.475,0.269,0.789,38.0,39.0,19.0,9.0,8.0,3.0,MIN,8,1,1,OKC,0.5975609756097561
0.483,0.469,0.857,28.0,37.0,27.0,10.0,9.0,3.0,PHO,4,1,1,OKC,0.5476190476190477
0.489,0.345,0.781,32.0,49.0,27.0,12.0,7.0,9.0,POR,8,0,1,OKC,0.5180722891566265
0.582,0.469,0.739,23.0,41.0,24.0,15.0,8.0,5.0,GSW,12,0,1,OKC,0.4523809523809524
0.56,0.4,0.929,28.0,43.0,30.0,6.0,5.0,3.0,DAL,21,1,1,OKC,0.3170731707317073
0.58,0.5,0.444,18.0,44.0,32.0,14.0,9.0,3.0,UTA,30,0,1,OKC,0.2682926829268293
0.591,0.55,0.923,13.0,43.0,32.0,15.0,14.0,7.0,PHO,49,1,1,OKC,0.5476190476190477
0.413,0.243,0.889,27.0,51.0,20.0,15.0,13.0,4.0,SAS,-2,1,0,OKC,0.7560975609756098
0.475,0.361,0.813,16.0,38.0,28.0,9.0,18.0,4.0,LAC,21,1,1,OKC,0.5060240963855421
0.37,0.282,0.933,30.0,52.0,16.0,12.0,7.0,10.0,MIN,-5,0,0,OKC,0.5975609756097561
0.489,0.385,0.857,14.0,46.0,20.0,13.0,14.0,4.0,MEM,16,1,1,OKC,0.3048780487804878
0.541,0.4,0.857,7.0,36.0,23.0,15.0,5.0,1.0,SAS,-20,0,0,OKC,0.7560975609756098
0.389,0.25,0.68,25.0,48.0,23.0,7.0,7.0,6.0,SAS,-15,1,0,OKC,0.7560975609756098
0.575,0.357,0.76,25.0,35.0,27.0,14.0,12.0,6.0,PHI,25,1,1,OKC,0.5542168674698795
0.541,0.375,0.957,23.0,49.0,27.0,14.0,9.0,7.0,ATL,11,1,1,OKC,0.5609756097560976
0.489,0.327,0.769,26.0,41.0,29.0,15.0,15.0,10.0,POR,29,1,1,OKC,0.5180722891566265
0.522,0.421,1.0,19.0,51.0,34.0,14.0,10.0,5.0,GSW,37,0,1,OKC,0.4523809523809524
0.476,0.313,0.895,19.0,29.0,20.0,9.0,2.0,4.0,PHO,-3,0,0,OKC,0.5476190476190477
0.366,0.282,0.667,27.0,33.0,18.0,8.0,14.0,5.0,CHO,-27,1,0,OKC,0.5357142857142857
0.436,0.184,0.81,42.0,51.0,26.0,11.0,14.0,11.0,UTA,4,1,1,OKC,0.2682926829268293
0.473,0.243,0.786,28.0,36.0,24.0,6.0,9.0,8.0,MEM,1,0,1,OKC,0.3048780487804878
0.505,0.294,0.714,28.0,46.0,23.0,13.0,12.0,5.0,MIA,12,1,1,OKC,0.5180722891566265
0.519,0.367,0.889,27.0,43.0,26.0,11.0,7.0,11.0,SAS,21,1,1,OKC,0.7560975609756098
0.461,0.39,0.867,15.0,44.0,25.0,12.0,9.0,12.0,HOU,20,0,1,OKC,0.6341463414634146
0.545,0.448,0.821,28.0,46.0,23.0,15.0,3.0,6.0,MIA,-2,0,0,OKC,0.5180722891566265
0.556,0.489,0.65,20.0,38.0,32.0,13.0,11.0,6.0,CLE,32,0,1,OKC,0.6341463414634146
0.544,0.389,0.667,15.0,42.0,24.0,8.0,12.0,3.0,MIL,20,0,1,OKC,0.3902439024390244
0.488,0.269,0.9,30.0,41.0,18.0,9.0,4.0,8.0,IND,-3,1,0,OKC,0.23170731707317074
0.44,0.256,0.774,31.0,37.0,21.0,11.0,5.0,5.0,TOR,-2,1,0,OKC,0.5609756097560976
0.402,0.342,0.913,23.0,53.0,25.0,16.0,4.0,9.0,NOP,9,1,1,OKC,0.3170731707317073
0.477,0.355,0.9,20.0,36.0,27.0,16.0,11.0,5.0,MIN,-12,0,0,OKC,0.5975609756097561
0.471,0.396,0.815,27.0,39.0,23.0,13.0,12.0,6.0,DEN,10,0,1,OKC,0.6585365853658537
0.516,0.343,0.769,26.0,52.0,33.0,11.0,12.0,1.0,ORL,36,1,1,OKC,0.5476190476190477
0.398,0.404,0.929,14.0,46.0,26.0,14.0,10.0,9.0,SAS,-10,0,0,OKC,0.7560975609756098
0.451,0.389,0.643,28.0,42.0,25.0,17.0,10.0,2.0,HOU,-6,1,0,OKC,0.6341463414634146
0.483,0.424,0.724,29.0,45.0,23.0,16.0,12.0,4.0,LAL,9,0,1,OKC,0.6463414634146342
0.584,0.417,0.895,19.0,37.0,28.0,8.0,6.0,3.0,PHO,27,0,1,OKC,0.5476190476190477
0.373,0.333,0.8,20.0,47.0,22.0,16.0,3.0,6.0,MIL,-17,1,0,OKC,0.3902439024390244
0.422,0.371,0.88,25.0,47.0,22.0,19.0,11.0,4.0,BRK,19,1,1,OKC,0.24390243902439024
0.488,0.512,0.64,25.0,44.0,32.0,16.0,12.0,4.0,CLE,8,1,1,OKC,0.6341463414634146
0.474,0.4,0.833,12.0,49.0,26.0,19.0,10.0,5.0,TOR,9,0,1,OKC,0.5609756097560976
0.406,0.367,0.952,21.0,37.0,28.0,14.0,7.0,3.0,DET,-8,0,0,OKC,0.7317073170731707
0.465,0.343,0.852,27.0,56.0,29.0,12.0,14.0,10.0,DEN,6,1,1,OKC,0.6585365853658537
0.446,0.205,0.667,15.0,46.0,22.0,9.0,9.0,8.0,DAL,13,0,1,OKC,0.3170731707317073
0.434,0.238,0.833,24.0,51.0,23.0,9.0,10.0,3.0,CHI,8,0,1,OKC,0.3780487804878049
0.452,0.381,0.84,25.0,38.0,21.0,16.0,8.0,0.0,NYK,3,0,1,OKC,0.6463414634146342
0.423,0.357,0.958,24.0,42.0,24.0,14.0,7.0,1.0,GSW,7,1,1,OKC,0.4523809523809524
0.505,0.404,0.762,21.0,37.0,27.0,3.0,3.0,9.0,DEN,3,1,1,OKC,0.6585365853658537
0.476,0.25,0.765,17.0,39.0,22.0,12.0,7.0,4.0,BOS,2,1,1,OKC,0.6829268292682927
0.416,0.375,0.895,19.0,44.0,28.0,7.0,16.0,6.0,MIN,13,1,1,OKC,0.5975609756097561
0.444,0.31,0.889,27.0,53.0,19.0,12.0,8.0,3.0,ORL,5,0,1,OKC,0.5476190476190477
0.529,0.4,0.773,22.0,45.0,26.0,19.0,16.0,5.0,BRK,29,0,1,OKC,0.24390243902439024
0.538,0.367,0.7,30.0,55.0,31.0,13.0,6.0,6.0,WAS,21,0,1,OKC,0.2073170731707317
0.533,0.439,0.9,10.0,48.0,33.0,15.0,6.0,10.0,PHI,20,0,1,OKC,0.5542168674698795
0.475,0.324,0.808,26.0,35.0,17.0,7.0,7.0,3.0,BOS,-10,0,0,OKC,0.6829268292682927
0.465,0.311,0.742,31.0,58.0,29.0,10.0,9.0,9.0,CHI,18,1,1,OKC,0.3780487804878049
0.467,0.357,0.816,38.0,39.0,21.0,15.0,10.0,0.0,NYK,11,1,1,OKC,0.6463414634146342
0.469,0.294,0.875,32.0,42.0,17.0,18.0,9.0,6.0,DET,4,1,1,OKC,0.7317073170731707
0.539,0.452,0.769,13.0,50.0,32.0,10.0,12.0,5.0,LAL,43,1,1,OKC,0.6463414634146342
0.587,0.533,0.875,16.0,46.0,40.0,16.0,8.0,8.0,UTA,35,1,1,OKC,0.2682926829268293
0.506,0.512,0.857,14.0,46.0,29.0,12.0,15.0,2.0,LAL,36,0,1,OKC,0.6463414634146342
0.578,0.382,0.792,24.0,44.0,30.0,13.0,9.0,7.0,LAC,18,0,1,OKC,0.5060240963855421
0.424,0.318,0.75,12.0,46.0,25.0,13.0,11.0,1.0,DEN,-20,0,0,OKC,0.6585365853658537
0.432,0.391,0.333,9.0,36.0,32.0,10.0,9.0,7.0,PHO,-32,1,0,OKC,0.5476190476190477
0.467,0.4,0.829,35.0,46.0,23.0,15.0,8.0,7.0,MIA,4,1,1,ORL,0.5180722891566265
0.474,0.29,0.649,37.0,45.0,21.0,22.0,7.0,3.0,ATL,-4,1,0,ORL,0.5609756097560976
0.391,0.125,0.818,33.0,53.0,12.0,20.0,8.0,5.0,CHI,-12,1,0,ORL,0.3780487804878049
0.549,0.32,0.684,38.0,43.0,27.0,13.0,4.0,7.0,PHI,-12,0,0,ORL,0.5542168674698795
0.458,0.387,0.7,40.0,43.0,22.0,17.0,5.0,5.0,DET,-19,0,0,ORL,0.7317073170731707
0.517,0.421,0.739,23.0,38.0,29.0,13.0,10.0,7.0,CHO,16,0,1,ORL,0.5357142857142857
0.511,0.333,0.864,22.0,53.0,32.0,17.0,13.0,10.0,WAS,31,0,1,ORL,0.2073170731707317
0.434,0.324,0.879,33.0,41.0,26.0,19.0,9.0,1.0,ATL,-15,0,0,ORL,0.5609756097560976
0.5,0.472,0.774,31.0,44.0,28.0,15.0,8.0,7.0,BOS,13,1,1,ORL,0.6829268292682927
0.449,0.241,0.938,32.0,42.0,21.0,17.0,8.0,4.0,BOS,-4,1,0,ORL,0.6829268292682927
0.448,0.267,0.853,34.0,50.0,26.0,13.0,6.0,7.0,POR,3,1,1,ORL,0.5180722891566265
0.488,0.364,0.848,33.0,49.0,29.0,15.0,10.0,4.0,NYK,17,0,1,ORL,0.6463414634146342
0.462,0.385,0.857,21.0,46.0,21.0,19.0,3.0,5.0,BRK,7,1,1,ORL,0.24390243902439024
0.418,0.324,0.735,34.0,38.0,21.0,8.0,11.0,9.0,HOU,-4,0,0,ORL,0.6341463414634146
0.506,0.25,0.931,29.0,43.0,28.0,14.0,14.0,3.0,GSW,8,1,1,ORL,0.4523809523809524
0.479,0.529,0.875,24.0,51.0,32.0,11.0,12.0,4.0,LAC,28,1,1,ORL,0.5060240963855421
0.553,0.394,0.867,30.0,36.0,28.0,14.0,5.0,2.0,NYK,12,1,1,ORL,0.6463414634146342
0.47,0.421,0.792,24.0,44.0,33.0,8.0,3.0,4.0,BOS,-9,0,0,ORL,0.6829268292682927
0.535,0.382,0.821,28.0,47.0,38.0,12.0,10.0,4.0,PHI,41,0,1,ORL,0.5542168674698795
0.412,0.167,0.844,32.0,44.0,14.0,14.0,15.0,7.0,DET,3,0,1,ORL,0.7317073170731707
0.511,0.273,0.788,33.0,46.0,25.0,18.0,12.0,11.0,CHI,5,1,1,ORL,0.3780487804878049
0.455,0.333,0.684,19.0,48.0,27.0,10.0,11.0,3.0,SAS,-2,1,0,ORL,0.7560975609756098
0.413,0.353,0.75,24.0,42.0,24.0,10.0,5.0,3.0,MIA,1,1,1,ORL,0.5180722891566265
0.383,0.286,0.667,24.0,48.0,23.0,12.0,7.0,4.0,NYK,-6,0,0,ORL,0.6463414634146342
0.506,0.469,0.875,16.0,47.0,30.0,17.0,5.0,6.0,MIA,9,1,1,ORL,0.5180722891566265
0.464,0.31,0.68,25.0,41.0,28.0,14.0,9.0,3.0,NYK,-12,1,0,ORL,0.6463414634146342
0.473,0.333,0.692,26.0,44.0,30.0,10.0,9.0,6.0,DEN,-11,0,0,ORL,0.6585365853658537
0.49,0.297,0.697,33.0,52.0,32.0,13.0,6.0,9.0,UTA,1,0,1,ORL,0.2682926829268293
0.414,0.259,0.692,26.0,48.0,21.0,18.0,8.0,5.0,GSW,-23,0,0,ORL,0.4523809523809524
0.435,0.455,0.913,23.0,38.0,26.0,15.0,10.0,5.0,POR,4,0,1,ORL,0.5180722891566265
0.398,0.314,0.87,23.0,42.0,22.0,9.0,7.0,7.0,CHO,-15,1,0,ORL,0.5357142857142857
0.517,0.345,0.676,37.0,35.0,32.0,6.0,8.0,0.0,DEN,1,1,1,ORL,0.6585365853658537
0.407,0.281,0.852,27.0,52.0,25.0,8.0,4.0,5.0,TOR,-1,0,0,ORL,0.5609756097560976
0.478,0.143,0.821,28.0,49.0,28.0,19.0,9.0,4.0,IND,2,0,1,ORL,0.23170731707317074
0.5,0.438,0.667,21.0,36.0,28.0,11.0,10.0,5.0,CHI,-7,0,0,ORL,0.3780487804878049
0.56,0.469,0.765,34.0,36.0,34.0,7.0,7.0,6.0,IND,8,1,1,ORL,0.23170731707317074
0.457,0.364,0.667,24.0,48.0,28.0,19.0,8.0,4.0,WAS,-8,0,0,ORL,0.2073170731707317
0.427,0.273,0.722,18.0,55.0,28.0,18.0,12.0,4.0,BRK,1,0,1,ORL,0.24390243902439024
0.409,0.138,0.833,18.0,42.0,21.0,19.0,5.0,10.0,PHI,-12,1,0,ORL,0.5542168674698795
0.524,0.458,0.886,35.0,39.0,27.0,13.0,10.0,3.0,NOP,10,1,1,ORL,0.3170731707317073
0.432,0.375,0.913,23.0,54.0,28.0,16.0,9.0,4.0,MEM,7,1,1,ORL,0.3048780487804878
0.442,0.303,0.938,16.0,42.0,30.0,17.0,5.0,6.0,MEM,-17,0,0,ORL,0.3048780487804878
0.418,0.378,0.773,22.0,31.0,25.0,12.0,7.0,4.0,CHO,-27,1,0,ORL,0.5357142857142857
0.407,0.275,0.875,32.0,37.0,21.0,16.0,8.0,3.0,CLE,-14,1,0,ORL,0.6341463414634146
0.404,0.282,0.733,15.0,42.0,21.0,12.0,10.0,6.0,CLE,-16,0,0,ORL,0.6341463414634146
0.5,0.421,0.765,17.0,42.0,36.0,7.0,12.0,6.0,MIA,9,0,1,ORL,0.5180722891566265
0.513,0.5,0.892,37.0,35.0,28.0,12.0,7.0,3.0,TOR,10,1,1,ORL,0.5609756097560976
0.44,0.333,0.867,15.0,34.0,24.0,15.0,11.0,1.0,SAS,-9,0,0,ORL,0.7560975609756098
0.382,0.317,1.0,11.0,38.0,21.0,16.0,5.0,5.0,OKC,-36,0,0,ORL,0.7804878048780488
0.537,0.281,0.778,27.0,42.0,32.0,17.0,14.0,11.0,BRK,20,1,1,ORL,0.24390243902439024
0.429,0.317,0.814,43.0,38.0,26.0,14.0,15.0,7.0,UTA,3,1,1,ORL,0.2682926829268293
0.465,0.333,0.889,27.0,44.0,27.0,11.0,14.0,3.0,MIL,19,1,1,ORL,0.3902439024390244
0.427,0.426,0.857,21.0,30.0,31.0,9.0,12.0,6.0,MIL,-8,1,0,ORL,0.3902439024390244
0.5,0.54,0.824,17.0,41.0,28.0,10.0,13.0,4.0,SAC,37,0,1,ORL,0.2682926829268293
0.429,0.256,0.842,19.0,53.0,24.0,16.0,6.0,15.0,PHO,-3,0,0,ORL,0.5476190476190477
0.482,0.348,0.742,31.0,43.0,25.0,12.0,7.0,3.0,LAC,2,0,1,ORL,0.5060240963855421
0.457,0.241,0.739,23.0,47.0,26.0,11.0,7.0,5.0,LAL,1,0,1,ORL,0.6463414634146342
0.455,0.405,0.619,21.0,40.0,25.0,12.0,11.0,4.0,HOU,-5,1,0,ORL,0.6341463414634146
0.377,0.278,0.8,30.0,41.0,20.0,19.0,8.0,4.0,DET,-14,1,0,ORL,0.7317073170731707
0.553,0.4,0.865,37.0,38.0,33.0,9.0,3.0,6.0,WAS,17,1,1,ORL,0.2073170731707317
0.454,0.333,0.875,16.0,47.0,31.0,12.0,10.0,2.0,DAL,1,1,1,ORL,0.3170731707317073
0.462,0.265,0.839,31.0,58.0,28.0,15.0,8.0,4.0,MIN,27,0,1,ORL,0.5975609756097561
0.563,0.424,0.743,35.0,49.0,31.0,15.0,11.0,2.0,MIL,39,0,1,ORL,0.3902439024390244
0.518,0.343,0.757,37.0,42.0,29.0,6.0,6.0,4.0,CLE,6,1,1,ORL,0.6341463414634146
0.47,0.441,0.794,34.0,52.0,30.0,13.0,12.0,5.0,WAS,5,1,1,ORL,0.2073170731707317
0.494,0.313,0.92,25.0,49.0,26.0,20.0,6.0,2.0,MIA,4,0,1,ORL,0.5180722891566265
0.421,0.326,0.783,23.0,40.0,20.0,11.0,9.0,3.0,ATL,-12,0,0,ORL,0.5609756097560976
0.398,0.34,0.85,20.0,41.0,21.0,12.0,8.0,2.0,OKC,-5,1,0,ORL,0.7804878048780488
0.419,0.333,0.905,21.0,31.0,24.0,14.0,11.0,4.0,CHO,-19,0,0,ORL,0.5357142857142857
0.434,0.297,0.913,23.0,42.0,27.0,18.0,9.0,2.0,LAL,-1,1,0,ORL,0.6463414634146342
0.511,0.353,0.75,24.0,36.0,29.0,11.0,5.0,1.0,IND,-2,1,0,ORL,0.23170731707317074
0.488,0.359,0.921,38.0,39.0,27.0,10.0,6.0,2.0,CLE,-5,0,0,ORL,0.6341463414634146
0.541,0.481,0.875,32.0,36.0,22.0,12.0,2.0,2.0,SAC,4,1,1,ORL,0.2682926829268293
0.378,0.237,0.842,19.0,36.0,20.0,28.0,4.0,1.0,TOR,-52,0,0,ORL,0.5609756097560976
0.443,0.345,0.854,41.0,46.0,24.0,25.0,13.0,1.0,PHO,4,1,1,ORL,0.5476190476190477
0.398,0.188,0.806,31.0,37.0,29.0,19.0,7.0,5.0,ATL,-29,1,0,ORL,0.5609756097560976
0.56,0.538,0.811,37.0,43.0,35.0,17.0,10.0,1.0,DAL,11,0,1,ORL,0.3170731707317073
0.43,0.212,0.694,36.0,57.0,27.0,13.0,6.0,5.0,NOP,4,0,1,ORL,0.3170731707317073
0.506,0.423,0.75,40.0,35.0,28.0,15.0,16.0,9.0,DET,16,1,1,ORL,0.7317073170731707
0.537,0.414,0.783,23.0,48.0,33.0,17.0,5.0,5.0,MIN,12,1,1,ORL,0.5975609756097561
0.521,0.351,0.667,24.0,47.0,33.0,15.0,12.0,6.0,CHI,24,0,1,ORL,0.3780487804878049
0.396,0.279,0.8,30.0,50.0,22.0,19.0,6.0,5.0,BOS,-5,0,0,ORL,0.6829268292682927
0.407,0.259,0.774,31.0,41.0,19.0,15.0,5.0,4.0,PHI,-12,0,0,ORL,0.5542168674698795
0.5,0.296,0.784,37.0,49.0,27.0,14.0,6.0,8.0,CHO,31,1,1,ORL,0.5357142857142857
0.459,0.39,0.767,30.0,40.0,23.0,14.0,3.0,4.0,BOS,1,0,1,PHI,0.6829268292682927
0.471,0.462,0.781,32.0,40.0,29.0,15.0,10.0,5.0,CHO,4,1,1,PHI,0.5357142857142857
0.495,0.424,0.813,32.0,39.0,25.0,7.0,5.0,9.0,ORL,12,1,1,PHI,0.5476190476190477
0.45,0.405,0.865,37.0,55.0,26.0,14.0,7.0,11.0,WAS,5,0,1,PHI,0.2073170731707317
0.474,0.382,0.724,29.0,40.0,27.0,18.0,6.0,7.0,BOS,-1,1,0,PHI,0.6829268292682927
0.521,0.375,0.824,17.0,44.0,34.0,15.0,10.0,6.0,BRK,24,0,1,PHI,0.24390243902439024
0.426,0.367,0.833,24.0,40.0,22.0,16.0,12.0,11.0,CHI,-2,0,0,PHI,0.3780487804878049
0.489,0.387,0.7,30.0,43.0,26.0,19.0,9.0,2.0,CLE,-11,0,0,PHI,0.6341463414634146
0.51,0.286,0.786,28.0,54.0,31.0,14.0,4.0,9.0,TOR,10,1,1,PHI,0.5609756097560976
0.429,0.364,0.857,28.0,44.0,22.0,20.0,8.0,6.0,DET,-3,1,0,PHI,0.7317073170731707
0.429,0.389,0.842,19.0,44.0,24.0,9.0,2.0,6.0,BOS,2,1,1,PHI,0.6829268292682927
0.433,0.359,0.867,15.0,46.0,19.0,15.0,9.0,4.0,DET,-9,0,0,PHI,0.7317073170731707
0.464,0.333,0.7,30.0,46.0,26.0,9.0,7.0,4.0,LAC,2,1,1,PHI,0.5060240963855421
0.471,0.4,0.889,18.0,41.0,24.0,21.0,11.0,6.0,TOR,-9,1,0,PHI,0.5609756097560976
0.433,0.34,0.808,26.0,52.0,30.0,14.0,9.0,6.0,MIL,9,0,1,PHI,0.3902439024390244
0.449,0.341,0.789,19.0,47.0,28.0,15.0,7.0,9.0,MIA,-10,1,0,PHI,0.5180722891566265
0.451,0.36,0.909,22.0,38.0,22.0,21.0,7.0,4.0,ORL,-41,1,0,PHI,0.5476190476190477
0.489,0.297,0.9,20.0,41.0,28.0,12.0,12.0,7.0,BRK,12,0,1,PHI,0.24390243902439024
0.438,0.227,0.842,38.0,46.0,26.0,18.0,14.0,6.0,ATL,-8,1,0,PHI,0.5609756097560976
0.451,0.425,0.706,17.0,51.0,26.0,11.0,12.0,6.0,WAS,19,1,1,PHI,0.2073170731707317
0.459,0.27,0.786,14.0,47.0,23.0,19.0,8.0,7.0,GSW,1,1,1,PHI,0.4523809523809524
0.453,0.395,0.955,22.0,42.0,25.0,15.0,12.0,1.0,MIL,15,0,1,PHI,0.3902439024390244
0.353,0.361,0.885,26.0,54.0,21.0,6.0,5.0,4.0,LAL,-4,1,0,PHI,0.6463414634146342
0.443,0.324,0.767,43.0,50.0,22.0,13.0,6.0,4.0,IND,10,1,1,PHI,0.23170731707317074
0.376,0.415,0.828,29.0,54.0,25.0,12.0,10.0,10.0,ATL,-3,0,0,PHI,0.5609756097560976
0.455,0.415,0.905,21.0,36.0,21.0,11.0,7.0,8.0,NYK,9,0,1,PHI,0.6463414634146342
0.431,0.3,0.75,28.0,47.0,27.0,10.0,11.0,2.0,DAL,7,1,1,PHI,0.3170731707317073
0.407,0.259,0.868,38.0,43.0,15.0,17.0,12.0,5.0,BRK,-8,1,0,PHI,0.24390243902439024
0.376,0.282,0.875,24.0,46.0,22.0,9.0,7.0,4.0,CHI,-7,0,0,PHI,0.3780487804878049
0.422,0.395,0.81,21.0,38.0,21.0,23.0,5.0,5.0,OKC,-25,0,0,PHI,0.7804878048780488
0.459,0.357,0.815,27.0,41.0,33.0,9.0,14.0,5.0,MEM,3,0,1,PHI,0.3048780487804878
0.533,0.361,0.875,16.0,43.0,22.0,12.0,10.0,7.0,DAL,15,0,1,PHI,0.3170731707317073
0.544,0.472,0.652,23.0,47.0,25.0,14.0,7.0,10.0,NYK,11,0,1,PHI,0.6463414634146342
0.469,0.378,0.789,19.0,42.0,28.0,14.0,9.0,9.0,DEN,-1,1,0,PHI,0.6585365853658537
0.536,0.378,0.844,32.0,34.0,30.0,10.0,15.0,5.0,WAS,21,1,1,PHI,0.2073170731707317
0.411,0.143,0.875,24.0,52.0,20.0,13.0,12.0,6.0,ORL,12,0,1,PHI,0.5476190476190477
0.456,0.258,0.806,31.0,44.0,11.0,22.0,9.0,11.0,TOR,-1,0,0,PHI,0.5609756097560976
0.527,0.444,0.913,23.0,36.0,22.0,16.0,4.0,2.0,TOR,13,0,1,PHI,0.5609756097560976
0.404,0.279,0.885,26.0,42.0,22.0,12.0,9.0,5.0,CLE,-26,1,0,PHI,0.6341463414634146
0.473,0.375,0.895,19.0,37.0,28.0,11.0,11.0,8.0,CLE,-2,1,0,PHI,0.6341463414634146
0.477,0.294,0.667,36.0,40.0,22.0,9.0,18.0,5.0,IND,9,1,1,PHI,0.23170731707317074
0.419,0.324,0.778,27.0,49.0,20.0,19.0,12.0,6.0,PHO,-6,1,0,PHI,0.5476190476190477
0.551,0.344,0.864,22.0,46.0,41.0,15.0,13.0,4.0,HOU,6,1,1,PHI,0.6341463414634146
0.506,0.31,0.759,29.0,37.0,24.0,14.0,7.0,4.0,NYK,-3,1,0,PHI,0.6463414634146342
0.393,0.3,0.737,19.0,33.0,20.0,17.0,14.0,3.0,CHO,-37,0,0,PHI,0.5357142857142857
0.525,0.524,0.733,15.0,46.0,35.0,7.0,7.0,5.0,MIL,17,1,1,PHI,0.3902439024390244
0.542,0.32,0.871,31.0,24.0,25.0,9.0,8.0,3.0,SAC,2,1,1,PHI,0.2682926829268293
0.479,0.472,0.739,23.0,52.0,28.0,10.0,5.0,4.0,NOP,10,1,1,PHI,0.3170731707317073
0.479,0.436,0.955,22.0,41.0,31.0,6.0,8.0,3.0,LAC,15,0,1,PHI,0.5060240963855421
0.452,0.342,0.762,21.0,56.0,23.0,13.0,9.0,3.0,GSW,19,0,1,PHI,0.4523809523809524
0.536,0.208,0.87,23.0,28.0,29.0,15.0,15.0,3.0,LAL,-4,0,0,PHI,0.6463414634146342
0.473,0.379,0.824,34.0,50.0,18.0,18.0,5.0,4.0,PHO,6,0,1,PHI,0.5476190476190477
0.469,0.367,0.861,36.0,33.0,23.0,14.0,12.0,8.0,POR,-17,0,0,PHI,0.5180722891566265
0.375,0.188,0.81,21.0,38.0,16.0,18.0,9.0,6.0,NYK,-49,1,0,PHI,0.6463414634146342
0.384,0.333,0.811,37.0,46.0,17.0,16.0,9.0,13.0,ATL,-10,1,0,PHI,0.5609756097560976
0.383,0.261,0.818,33.0,47.0,19.0,11.0,10.0,5.0,NOP,-15,0,0,PHI,0.3170731707317073
0.515,0.568,0.667,21.0,39.0,31.0,11.0,14.0,1.0,MIN,27,0,1,PHI,0.5975609756097561
0.576,0.276,0.84,25.0,44.0,29.0,13.0,14.0,5.0,IND,21,0,1,PHI,0.23170731707317074
0.479,0.395,0.944,18.0,49.0,26.0,14.0,11.0,3.0,MIA,7,1,1,PHI,0.5180722891566265
0.398,0.387,0.727,22.0,37.0,21.0,6.0,10.0,4.0,BOS,-16,0,0,PHI,0.6829268292682927
0.347,0.238,0.789,19.0,40.0,20.0,14.0,8.0,5.0,SAS,-40,1,0,PHI,0.7560975609756098
0.455,0.257,0.81,21.0,43.0,24.0,15.0,6.0,7.0,UTA,4,1,1,PHI,0.2682926829268293
0.547,0.385,0.667,18.0,36.0,27.0,21.0,10.0,4.0,ATL,-9,0,0,PHI,0.5609756097560976
0.459,0.289,0.667,18.0,42.0,20.0,17.0,7.0,4.0,CLE,-14,0,0,PHI,0.6341463414634146
0.523,0.355,0.826,46.0,40.0,27.0,11.0,13.0,5.0,MEM,10,1,1,PHI,0.3048780487804878
0.467,0.229,0.708,24.0,35.0,20.0,16.0,10.0,8.0,DET,-22,0,0,PHI,0.7317073170731707
0.463,0.12,0.806,31.0,47.0,22.0,14.0,12.0,10.0,BRK,7,1,1,PHI,0.24390243902439024
0.454,0.28,0.933,15.0,51.0,17.0,14.0,13.0,4.0,POR,6,1,1,PHI,0.5180722891566265
0.394,0.22,0.867,15.0,42.0,30.0,13.0,6.0,10.0,DEN,-28,0,0,PHI,0.6585365853658537
0.5,0.472,0.833,24.0,49.0,32.0,9.0,8.0,7.0,SAC,21,0,1,PHI,0.2682926829268293
0.5,0.222,0.875,32.0,56.0,27.0,16.0,4.0,8.0,UTA,10,0,1,PHI,0.2682926829268293
0.436,0.37,0.444,9.0,44.0,29.0,18.0,10.0,3.0,OKC,-20,1,0,PHI,0.7804878048780488
0.553,0.468,0.75,28.0,45.0,34.0,8.0,9.0,10.0,CHI,20,1,1,PHI,0.3780487804878049
0.488,0.471,0.759,29.0,41.0,19.0,9.0,7.0,5.0,CHO,4,0,1,PHI,0.5357142857142857
0.417,0.316,0.895,19.0,42.0,26.0,10.0,3.0,5.0,MIA,-10,0,0,PHI,0.5180722891566265
0.616,0.486,0.875,16.0,41.0,37.0,11.0,9.0,2.0,WAS,22,0,1,PHI,0.2073170731707317
0.5,0.346,0.857,28.0,53.0,27.0,16.0,7.0,12.0,MIN,12,1,1,PHI,0.5975609756097561
0.443,0.276,0.789,19.0,33.0,17.0,15.0,8.0,2.0,DET,-23,1,0,PHI,0.7317073170731707
0.386,0.323,0.828,29.0,48.0,17.0,12.0,7.0,5.0,SAS,-13,0,0,PHI,0.7560975609756098
0.447,0.344,0.652,23.0,47.0,21.0,16.0,10.0,6.0,HOU,-11,0,0,PHI,0.6341463414634146
0.404,0.172,0.842,19.0,58.0,17.0,8.0,13.0,2.0,IND,11,0,1,PHI,0.23170731707317074
0.516,0.39,0.762,21.0,45.0,28.0,14.0,13.0,2.0,MIL,20,1,1,PHI,0.3902439024390244
0.447,0.343,0.84,25.0,40.0,17.0,12.0,8.0,9.0,ORL,12,1,1,PHI,0.5476190476190477
0.474,0.294,0.714,28.0,51.0,23.0,16.0,7.0,7.0,SAC,4,1,1,PHO,0.2682926829268293
0.411,0.34,0.8,15.0,37.0,23.0,18.0,12.0,4.0,LAC,-27,0,0,PHO,0.5060240963855421
0.432,0.34,0.818,22.0,38.0,24.0,20.0,7.0,4.0,DEN,-22,0,0,PHO,0.6585365853658537
0.425,0.364,0.774,31.0,48.0,37.0,14.0,13.0,8.0,UTA,-4,0,0,PHO,0.2682926829268293
0.477,0.4,0.882,17.0,40.0,25.0,21.0,11.0,4.0,MEM,-1,1,0,PHO,0.3048780487804878
0.473,0.354,0.833,18.0,44.0,30.0,12.0,10.0,6.0,UTA,22,1,1,PHO,0.2682926829268293
0.582,0.576,0.864,22.0,39.0,34.0,20.0,8.0,4.0,SAS,12,1,1,PHO,0.7560975609756098
0.44,0.364,0.938,16.0,46.0,25.0,17.0,10.0,5.0,GSW,-11,0,0,PHO,0.4523809523809524
0.446,0.388,0.737,19.0,44.0,27.0,16.0,13.0,2.0,LAC,13,1,1,PHO,0.5060240963855421
0.482,0.421,0.857,21.0,42.0,30.0,14.0,9.0,2.0,LAC,11,0,1,PHO,0.5060240963855421
0.5,0.442,0.774,31.0,43.0,29.0,18.0,12.0,7.0,NOP,23,1,1,PHO,0.3170731707317073
0.463,0.4,0.808,26.0,46.0,31.0,12.0,13.0,3.0,DAL,9,0,1,PHO,0.3170731707317073
0.576,0.371,0.815,27.0,43.0,19.0,11.0,6.0,6.0,IND,35,1,1,PHO,0.23170731707317074
0.485,0.333,0.947,19.0,47.0,23.0,17.0,9.0,3.0,ATL,-2,1,0,PHO,0.5609756097560976
0.48,0.35,0.864,22.0,46.0,24.0,18.0,19.0,4.0,POR,17,0,1,PHO,0.5180722891566265
0.481,0.452,0.759,29.0,45.0,25.0,28.0,13.0,2.0,MIN,1,1,1,PHO,0.5975609756097561
0.443,0.368,0.688,16.0,43.0,27.0,6.0,10.0,6.0,SAS,9,1,1,PHO,0.7560975609756098
0.413,0.351,0.684,19.0,39.0,11.0,21.0,9.0,4.0,HOU,-22,1,0,PHO,0.6341463414634146
0.462,0.333,0.7,20.0,47.0,25.0,17.0,14.0,5.0,SAC,12,0,1,PHO,0.2682926829268293
0.457,0.341,0.833,24.0,51.0,20.0,20.0,7.0,4.0,OKC,-4,0,0,PHO,0.7804878048780488
0.443,0.333,0.769,26.0,32.0,23.0,7.0,11.0,2.0,DEN,-18,1,0,PHO,0.6585365853658537
0.565,0.436,0.5,8.0,33.0,35.0,11.0,16.0,1.0,LAL,17,0,1,PHO,0.6463414634146342
0.39,0.139,0.789,19.0,34.0,14.0,13.0,12.0,2.0,HOU,-19,0,0,PHO,0.6341463414634146
0.456,0.364,0.7,20.0,43.0,26.0,9.0,8.0,2.0,MIN,3,0,1,PHO,0.5975609756097561
0.393,0.323,0.813,16.0,37.0,24.0,21.0,12.0,2.0,OKC,-49,0,0,PHO,0.7804878048780488
0.488,0.351,0.84,25.0,37.0,29.0,20.0,11.0,5.0,LAL,-2,1,0,PHO,0.6463414634146342
0.409,0.286,0.773,22.0,49.0,19.0,15.0,16.0,6.0,GSW,1,1,1,PHO,0.4523809523809524
0.477,0.343,0.833,24.0,34.0,23.0,14.0,12.0,6.0,GSW,-3,0,0,PHO,0.4523809523809524
0.588,0.412,0.9,20.0,38.0,35.0,14.0,10.0,6.0,LAL,24,1,1,PHO,0.6463414634146342
0.484,0.2,0.76,25.0,52.0,26.0,18.0,9.0,4.0,NOP,7,0,1,PHO,0.3170731707317073
0.459,0.455,0.684,19.0,55.0,26.0,17.0,7.0,3.0,NOP,9,0,1,PHO,0.3170731707317073
0.406,0.425,0.889,18.0,51.0,25.0,10.0,8.0,3.0,WAS,14,0,1,PHO,0.2073170731707317
0.4,0.417,0.875,16.0,52.0,23.0,14.0,8.0,5.0,CLE,-16,0,0,PHO,0.6341463414634146
0.563,0.258,0.821,28.0,42.0,23.0,12.0,16.0,9.0,SAC,27,1,1,PHO,0.2682926829268293
0.443,0.395,0.724,29.0,49.0,21.0,16.0,2.0,1.0,OKC,3,1,1,PHO,0.7804878048780488
0.42,0.341,0.75,12.0,40.0,23.0,13.0,11.0,0.0,HOU,-3,0,0,PHO,0.6341463414634146
0.464,0.393,0.625,8.0,51.0,31.0,18.0,11.0,5.0,MEM,19,0,1,PHO,0.3048780487804878
0.447,0.381,0.87,23.0,37.0,23.0,10.0,4.0,4.0,NYK,5,1,1,PHO,0.6463414634146342
0.421,0.327,0.789,19.0,51.0,32.0,16.0,11.0,7.0,WAS,19,1,1,PHO,0.2073170731707317
0.431,0.292,0.95,20.0,48.0,22.0,13.0,10.0,1.0,MIA,-6,0,0,PHO,0.5180722891566265
0.414,0.37,0.64,25.0,41.0,21.0,14.0,14.0,9.0,DET,-3,0,0,PHO,0.7317073170731707
0.415,0.357,0.852,27.0,37.0,22.0,12.0,9.0,2.0,NYK,7,0,1,PHO,0.6463414634146342
0.571,0.513,0.783,23.0,35.0,29.0,13.0,4.0,4.0,BRK,9,0,1,PHO,0.24390243902439024
0.435,0.41,1.0,20.0,42.0,25.0,22.0,5.0,2.0,PHI,6,0,1,PHO,0.5542168674698795
0.442,0.324,0.889,9.0,42.0,24.0,13.0,15.0,3.0,ATL,-7,0,0,PHO,0.5609756097560976
0.37,0.2,0.808,26.0,56.0,14.0,11.0,6.0,7.0,MIA,-9,1,0,PHO,0.5180722891566265
0.558,0.25,0.75,20.0,32.0,22.0,15.0,12.0,5.0,BRK,4,1,1,PHO,0.24390243902439024
0.468,0.381,0.828,29.0,47.0,22.0,17.0,8.0,3.0,DET,18,1,1,PHO,0.7317073170731707
0.529,0.479,0.722,18.0,43.0,31.0,22.0,15.0,5.0,CLE,13,1,1,PHO,0.6341463414634146
0.333,0.413,0.667,18.0,35.0,21.0,5.0,7.0,4.0,LAC,-24,1,0,PHO,0.5060240963855421
0.515,0.488,0.667,15.0,45.0,26.0,11.0,13.0,2.0,POR,5,0,1,PHO,0.5180722891566265
0.463,0.372,0.833,6.0,37.0,22.0,12.0,10.0,1.0,GSW,-4,1,0,PHO,0.4523809523809524
0.398,0.239,0.839,31.0,40.0,22.0,14.0,8.0,0.0,PHI,-6,1,0,PHO,0.5542168674698795
0.48,0.32,0.667,9.0,49.0,32.0,14.0,8.0,3.0,DAL,9,1,1,PHO,0.3170731707317073
0.467,0.357,0.615,13.0,43.0,26.0,12.0,4.0,5.0,OKC,-27,1,0,PHO,0.7804878048780488
0.371,0.286,0.667,6.0,46.0,22.0,13.0,7.0,5.0,SAS,-27,0,0,PHO,0.7560975609756098
0.342,0.291,0.708,24.0,65.0,20.0,9.0,11.0,4.0,ORL,3,1,1,PHO,0.5476190476190477
0.365,0.257,1.0,6.0,41.0,16.0,23.0,14.0,3.0,POR,-15,1,0,PHO,0.5180722891566265
0.367,0.333,0.846,13.0,34.0,18.0,8.0,4.0,5.0,BOS,-16,1,0,PHO,0.6829268292682927
0.46,0.44,0.786,14.0,41.0,22.0,12.0,9.0,5.0,LAL,3,1,1,PHO,0.6463414634146342
0.457,0.388,0.647,17.0,53.0,31.0,19.0,11.0,3.0,SAC,11,0,1,PHO,0.2682926829268293
0.391,0.283,0.667,27.0,48.0,24.0,15.0,7.0,3.0,CHI,-2,1,0,PHO,0.3780487804878049
0.444,0.345,0.692,26.0,41.0,27.0,15.0,9.0,6.0,NOP,2,1,1,PHO,0.3170731707317073
0.456,0.39,0.885,26.0,40.0,24.0,8.0,5.0,5.0,CHO,12,1,1,PHO,0.5357142857142857
0.539,0.471,0.818,11.0,39.0,33.0,12.0,9.0,0.0,MIL,15,0,1,PHO,0.3902439024390244
0.523,0.406,0.818,22.0,40.0,21.0,14.0,9.0,7.0,IND,15,0,1,PHO,0.23170731707317074
0.475,0.429,0.7,30.0,34.0,20.0,12.0,5.0,6.0,TOR,-7,0,0,PHO,0.5609756097560976
0.446,0.325,0.862,29.0,35.0,26.0,10.0,7.0,6.0,BOS,-8,0,0,PHO,0.6829268292682927
0.381,0.351,0.739,23.0,40.0,25.0,14.0,13.0,2.0,MIN,-12,0,0,PHO,0.5975609756097561
0.418,0.306,0.765,17.0,47.0,27.0,11.0,9.0,3.0,SAS,-1,0,0,PHO,0.7560975609756098
0.449,0.385,0.556,18.0,38.0,27.0,10.0,7.0,4.0,MIL,-3,1,0,PHO,0.3902439024390244
0.517,0.45,1.0,10.0,43.0,24.0,19.0,12.0,6.0,TOR,22,1,1,PHO,0.5609756097560976
0.438,0.362,0.757,37.0,41.0,24.0,3.0,6.0,5.0,DEN,-2,1,0,PHO,0.6585365853658537
0.5,0.321,0.619,21.0,60.0,29.0,13.0,8.0,6.0,UTA,25,1,1,PHO,0.2682926829268293
0.505,0.378,0.5,8.0,47.0,39.0,11.0,13.0,5.0,MEM,26,0,1,PHO,0.3048780487804878
0.398,0.304,0.771,35.0,41.0,24.0,20.0,9.0,4.0,ORL,-4,0,0,PHO,0.5476190476190477
0.462,0.41,0.7,10.0,31.0,22.0,12.0,4.0,5.0,CHO,-20,0,0,PHO,0.5357142857142857
0.506,0.406,0.773,22.0,41.0,22.0,16.0,10.0,6.0,CHI,10,0,1,PHO,0.3780487804878049
0.427,0.226,0.872,39.0,34.0,15.0,19.0,10.0,7.0,HOU,-14,1,0,PHO,0.6341463414634146
0.462,0.4,0.824,17.0,46.0,20.0,10.0,5.0,8.0,DAL,5,1,1,PHO,0.3170731707317073
0.338,0.175,0.667,21.0,47.0,17.0,23.0,8.0,1.0,LAL,-28,0,0,PHO,0.6463414634146342
0.554,0.488,0.5,6.0,54.0,28.0,13.0,5.0,8.0,OKC,32,0,1,PHO,0.7804878048780488
0.494,0.36,0.719,32.0,38.0,20.0,14.0,12.0,6.0,POR,-4,1,0,PHO,0.5180722891566265
0.481,0.367,1.0,15.0,36.0,23.0,15.0,14.0,4.0,GSW,15,1,1,PHO,0.4523809523809524
0.4,0.31,0.829,35.0,39.0,25.0,16.0,10.0,3.0,MIN,-4,1,0,POR,0.5975609756097561
0.538,0.471,0.92,25.0,38.0,30.0,19.0,13.0,5.0,GSW,20,1,1,POR,0.4523809523809524
0.37,0.268,0.824,34.0,42.0,24.0,16.0,12.0,2.0,LAC,-7,0,0,POR,0.5060240963855421
0.456,0.326,0.933,15.0,49.0,24.0,19.0,12.0,9.0,LAL,14,0,1,POR,0.6463414634146342
0.479,0.382,0.852,27.0,39.0,34.0,18.0,14.0,5.0,UTA,2,0,1,POR,0.2682926829268293
0.418,0.282,0.71,31.0,43.0,26.0,13.0,11.0,5.0,DEN,2,1,1,POR,0.6585365853658537
0.494,0.225,0.733,30.0,38.0,23.0,18.0,13.0,3.0,LAL,-8,1,0,POR,0.6463414634146342
0.409,0.442,0.938,32.0,49.0,24.0,18.0,8.0,6.0,OKC,2,1,1,POR,0.7804878048780488
0.45,0.275,0.826,23.0,57.0,29.0,20.0,8.0,4.0,MIA,-5,0,0,POR,0.5180722891566265
0.444,0.361,0.731,26.0,38.0,22.0,10.0,5.0,3.0,ORL,-3,0,0,POR,0.5476190476190477
0.578,0.351,0.941,17.0,39.0,26.0,13.0,5.0,5.0,NOP,8,0,1,POR,0.3170731707317073
0.472,0.361,0.704,27.0,44.0,18.0,20.0,4.0,2.0,HOU,-24,0,0,POR,0.6341463414634146
0.407,0.298,0.844,32.0,53.0,26.0,12.0,8.0,5.0,DAL,-5,0,0,POR,0.3170731707317073
0.433,0.244,0.8,20.0,43.0,24.0,20.0,7.0,6.0,PHO,-17,1,0,POR,0.5476190476190477
0.411,0.286,0.656,32.0,64.0,27.0,16.0,10.0,5.0,CHI,-1,1,0,POR,0.3780487804878049
0.477,0.356,0.844,32.0,52.0,31.0,21.0,8.0,5.0,GSW,4,0,1,POR,0.4523809523809524
0.37,0.255,0.714,21.0,45.0,18.0,17.0,8.0,4.0,OKC,-27,0,0,POR,0.7804878048780488
0.456,0.419,0.758,33.0,48.0,24.0,16.0,8.0,8.0,MIL,12,0,1,POR,0.3902439024390244
0.425,0.25,0.633,30.0,48.0,21.0,18.0,3.0,9.0,SAS,-13,1,0,POR,0.7560975609756098
0.393,0.327,0.784,37.0,49.0,22.0,14.0,8.0,5.0,OKC,-8,1,0,POR,0.7804878048780488
0.494,0.375,0.656,32.0,39.0,23.0,15.0,7.0,7.0,TOR,-3,0,0,POR,0.5609756097560976
0.435,0.412,0.872,39.0,54.0,27.0,13.0,4.0,4.0,CLE,12,0,1,POR,0.6341463414634146
0.424,0.324,0.914,35.0,48.0,22.0,20.0,6.0,8.0,DET,-6,0,0,POR,0.7317073170731707
0.398,0.349,0.833,18.0,40.0,21.0,26.0,8.0,5.0,MEM,-23,0,0,POR,0.3048780487804878
0.441,0.292,0.727,22.0,41.0,27.0,15.0,5.0,7.0,NOP,-23,0,0,POR,0.3170731707317073
0.506,0.513,0.897,29.0,43.0,30.0,18.0,11.0,4.0,GSW,5,1,1,POR,0.4523809523809524
0.476,0.333,0.636,33.0,44.0,30.0,21.0,6.0,6.0,SAC,1,1,1,POR,0.2682926829268293
0.432,0.344,0.68,25.0,46.0,18.0,20.0,12.0,3.0,SAC,5,0,1,POR,0.2682926829268293
0.446,0.219,0.674,43.0,38.0,21.0,19.0,6.0,6.0,DET,-8,1,0,POR,0.7317073170731707
0.471,0.281,0.789,19.0,45.0,23.0,17.0,9.0,7.0,ORL,-4,1,0,POR,0.5476190476190477
0.45,0.41,0.682,22.0,43.0,23.0,15.0,6.0,2.0,LAC,-16,1,0,POR,0.5060240963855421
0.472,0.353,0.571,21.0,48.0,26.0,20.0,7.0,2.0,BOS,6,1,1,POR,0.6829268292682927
0.474,0.39,0.773,22.0,48.0,27.0,16.0,3.0,3.0,DAL,3,1,1,POR,0.3170731707317073
0.391,0.4,0.765,17.0,50.0,20.0,25.0,10.0,3.0,OKC,-29,0,0,POR,0.7804878048780488
0.446,0.34,0.8,30.0,46.0,27.0,9.0,6.0,7.0,NOP,13,0,1,POR,0.3170731707317073
0.44,0.422,0.593,27.0,51.0,24.0,11.0,3.0,4.0,SAS,5,0,1,POR,0.7560975609756098
0.527,0.396,0.952,21.0,45.0,32.0,14.0,9.0,4.0,UTA,20,1,1,POR,0.2682926829268293
0.434,0.3,0.76,25.0,38.0,21.0,14.0,7.0,3.0,HOU,1,1,1,POR,0.6341463414634146
0.416,0.364,0.913,23.0,43.0,26.0,13.0,9.0,3.0,HOU,6,1,1,POR,0.6341463414634146
0.476,0.308,0.88,25.0,39.0,24.0,15.0,9.0,6.0,NYK,-9,1,0,POR,0.6463414634146342
0.434,0.298,0.647,17.0,45.0,20.0,22.0,7.0,3.0,GSW,-22,0,0,POR,0.4523809523809524
0.453,0.304,0.708,24.0,54.0,23.0,15.0,13.0,5.0,ATL,16,1,1,POR,0.5609756097560976
0.523,0.381,0.765,34.0,42.0,24.0,15.0,9.0,5.0,LAL,16,1,1,POR,0.6463414634146342
0.482,0.25,0.879,33.0,43.0,18.0,15.0,7.0,4.0,SAC,7,0,1,POR,0.2682926829268293
0.5,0.4,0.846,13.0,50.0,26.0,20.0,10.0,5.0,MIA,17,1,1,POR,0.5180722891566265
0.398,0.289,0.7,10.0,45.0,22.0,15.0,7.0,3.0,TOR,-12,1,0,POR,0.5609756097560976
0.41,0.25,0.667,30.0,46.0,17.0,18.0,11.0,8.0,BOS,-8,0,0,POR,0.6829268292682927
0.385,0.368,0.565,23.0,69.0,19.0,20.0,10.0,5.0,WAS,-4,0,0,POR,0.2073170731707317
0.432,0.302,0.737,19.0,37.0,23.0,20.0,5.0,5.0,NYK,-30,0,0,POR,0.6463414634146342
0.449,0.318,0.75,12.0,47.0,24.0,23.0,7.0,5.0,CLE,-19,1,0,POR,0.6341463414634146
0.495,0.346,0.722,18.0,47.0,31.0,17.0,8.0,5.0,PHO,-5,1,0,POR,0.5476190476190477
0.544,0.405,0.952,21.0,46.0,31.0,18.0,9.0,7.0,MEM,20,1,1,POR,0.3048780487804878
0.484,0.412,0.643,14.0,48.0,30.0,17.0,7.0,3.0,MEM,7,1,1,POR,0.3048780487804878
0.485,0.407,0.76,25.0,51.0,36.0,18.0,8.0,7.0,PHI,17,1,1,POR,0.5542168674698795
0.426,0.356,0.813,16.0,50.0,23.0,26.0,4.0,4.0,MIN,-24,0,0,POR,0.5975609756097561
0.511,0.391,0.758,33.0,52.0,26.0,21.0,7.0,7.0,UTA,16,0,1,POR,0.2682926829268293
0.407,0.319,0.621,29.0,36.0,25.0,18.0,8.0,5.0,DEN,-54,1,0,POR,0.6585365853658537
0.469,0.27,0.545,11.0,47.0,23.0,21.0,10.0,11.0,PHO,15,0,1,POR,0.5476190476190477
0.472,0.4,0.767,30.0,44.0,27.0,16.0,10.0,4.0,MIN,-3,1,0,POR,0.5975609756097561
0.442,0.217,0.871,31.0,45.0,27.0,12.0,10.0,8.0,CHI,9,0,1,POR,0.3780487804878049
0.407,0.234,0.632,19.0,39.0,22.0,17.0,8.0,7.0,CHO,-16,0,0,POR,0.5357142857142857
0.402,0.351,0.692,26.0,38.0,23.0,17.0,5.0,6.0,ATL,-34,0,0,POR,0.5609756097560976
0.505,0.349,0.611,18.0,53.0,29.0,17.0,10.0,11.0,MEM,8,0,1,POR,0.3048780487804878
0.398,0.308,0.568,37.0,43.0,20.0,16.0,17.0,2.0,HOU,-7,0,0,POR,0.6341463414634146
0.505,0.366,0.815,27.0,53.0,29.0,14.0,5.0,8.0,IND,20,1,1,POR,0.23170731707317074
0.422,0.381,0.833,18.0,42.0,23.0,18.0,6.0,8.0,CHO,-2,1,0,POR,0.5357142857142857
0.517,0.37,0.938,16.0,49.0,34.0,24.0,16.0,12.0,UTA,10,1,1,POR,0.2682926829268293
0.391,0.321,0.667,21.0,49.0,26.0,19.0,6.0,9.0,PHI,-6,0,0,POR,0.5542168674698795
0.513,0.423,0.724,29.0,44.0,30.0,19.0,7.0,3.0,BRK,19,0,1,POR,0.24390243902439024
0.446,0.348,0.808,26.0,52.0,32.0,13.0,5.0,7.0,IND,8,0,1,POR,0.23170731707317074
0.424,0.243,0.875,24.0,51.0,25.0,17.0,8.0,6.0,MIN,4,0,1,POR,0.5975609756097561
0.433,0.32,0.75,16.0,45.0,31.0,11.0,5.0,0.0,DEN,-16,0,0,POR,0.6585365853658537
0.55,0.474,0.7,40.0,45.0,28.0,24.0,10.0,8.0,BRK,35,1,1,POR,0.24390243902439024
0.525,0.463,0.818,33.0,54.0,30.0,21.0,11.0,11.0,MIL,31,1,1,POR,0.3902439024390244
0.392,0.267,0.697,33.0,48.0,16.0,25.0,8.0,7.0,DAL,-7,1,0,POR,0.3170731707317073
0.512,0.333,0.719,32.0,49.0,24.0,14.0,8.0,10.0,WAS,35,1,1,POR,0.2073170731707317
0.451,0.333,0.944,18.0,48.0,22.0,17.0,8.0,4.0,LAC,10,0,1,POR,0.5060240963855421
0.457,0.392,0.778,18.0,45.0,27.0,16.0,11.0,7.0,NOP,12,1,1,POR,0.3170731707317073
0.472,0.481,0.821,28.0,39.0,29.0,18.0,8.0,5.0,DEN,-5,0,0,POR,0.6585365853658537
0.452,0.324,0.5,10.0,43.0,26.0,16.0,9.0,5.0,SAS,-11,0,0,POR,0.7560975609756098
0.446,0.308,0.857,35.0,46.0,23.0,15.0,12.0,7.0,LAC,19,1,1,POR,0.5060240963855421
0.465,0.348,0.8,15.0,46.0,28.0,12.0,9.0,3.0,SAC,12,1,1,POR,0.2682926829268293
0.455,0.362,0.739,23.0,42.0,27.0,15.0,9.0,10.0,PHO,4,0,1,POR,0.5476190476190477
0.5,0.375,0.565,23.0,37.0,24.0,13.0,10.0,10.0,PHO,-4,0,0,SAC,0.5476190476190477
0.482,0.438,0.733,15.0,33.0,23.0,13.0,10.0,4.0,UTA,1,1,1,SAC,0.2682926829268293
0.446,0.419,0.667,18.0,40.0,27.0,16.0,13.0,4.0,LAL,-7,1,0,SAC,0.6463414634146342
0.424,0.345,0.905,21.0,46.0,21.0,17.0,11.0,3.0,OKC,-6,0,0,SAC,0.7804878048780488
0.524,0.25,0.769,26.0,31.0,28.0,10.0,10.0,2.0,CHI,-13,0,0,SAC,0.3780487804878049
0.517,0.357,0.875,40.0,38.0,30.0,10.0,8.0,1.0,MIL,2,0,1,SAC,0.3902439024390244
0.522,0.333,0.84,25.0,47.0,27.0,15.0,5.0,1.0,DEN,-6,0,0,SAC,0.6585365853658537
0.494,0.478,0.848,33.0,47.0,27.0,16.0,7.0,5.0,GSW,5,1,1,SAC,0.4523809523809524
0.413,0.375,0.667,15.0,38.0,27.0,17.0,6.0,3.0,OKC,-31,1,0,SAC,0.7804878048780488
0.444,0.448,0.774,31.0,43.0,25.0,18.0,8.0,3.0,MIN,-27,1,0,SAC,0.5975609756097561
0.482,0.303,0.696,23.0,35.0,31.0,10.0,4.0,3.0,DEN,-14,1,0,SAC,0.6585365853658537
0.391,0.359,0.778,18.0,35.0,22.0,20.0,7.0,1.0,ATL,-33,1,0,SAC,0.5609756097560976
0.441,0.364,0.593,27.0,44.0,32.0,15.0,12.0,4.0,MIN,-14,0,0,SAC,0.5975609756097561
0.471,0.364,0.727,22.0,37.0,25.0,12.0,10.0,3.0,SAS,-13,0,0,SAC,0.7560975609756098
0.442,0.286,0.652,23.0,45.0,21.0,18.0,12.0,0.0,OKC,-14,0,0,SAC,0.7804878048780488
0.463,0.333,0.733,15.0,32.0,24.0,17.0,5.0,5.0,MEM,-41,0,0,SAC,0.3048780487804878
0.527,0.333,0.957,23.0,37.0,32.0,7.0,8.0,3.0,DEN,5,0,1,SAC,0.6585365853658537
0.433,0.269,0.929,28.0,49.0,27.0,12.0,9.0,3.0,MIN,5,1,1,SAC,0.5975609756097561
0.465,0.353,0.8,10.0,41.0,20.0,19.0,9.0,6.0,PHO,-12,1,0,SAC,0.5476190476190477
0.448,0.345,0.719,32.0,44.0,27.0,9.0,9.0,5.0,UTA,-9,0,0,SAC,0.2682926829268293
0.457,0.296,0.591,22.0,34.0,25.0,8.0,14.0,7.0,MEM,-8,1,0,SAC,0.3048780487804878
0.412,0.294,0.5,10.0,32.0,21.0,13.0,10.0,7.0,HOU,-26,0,0,SAC,0.6341463414634146
0.527,0.424,0.714,21.0,45.0,24.0,11.0,11.0,5.0,MIA,16,0,1,SAC,0.5180722891566265
0.466,0.318,0.696,23.0,51.0,28.0,19.0,6.0,4.0,IND,-11,0,0,SAC,0.23170731707317074
0.448,0.289,0.696,23.0,38.0,21.0,16.0,9.0,4.0,DEN,-31,1,0,SAC,0.6585365853658537
0.457,0.435,0.76,25.0,36.0,21.0,15.0,5.0,9.0,MIN,-14,0,0,SAC,0.5975609756097561
0.511,0.316,0.912,34.0,42.0,29.0,18.0,13.0,7.0,POR,-1,0,0,SAC,0.5180722891566265
0.379,0.194,0.677,31.0,50.0,18.0,18.0,14.0,6.0,POR,-5,1,0,SAC,0.5180722891566265
0.463,0.375,0.694,36.0,55.0,29.0,12.0,8.0,5.0,HOU,1,1,1,SAC,0.6341463414634146
0.457,0.333,0.865,37.0,42.0,26.0,13.0,12.0,5.0,DET,-9,1,0,SAC,0.7317073170731707
0.433,0.447,0.75,8.0,50.0,32.0,11.0,16.0,7.0,DAL,6,1,1,SAC,0.3170731707317073
0.482,0.276,0.684,19.0,39.0,24.0,19.0,11.0,3.0,LAL,-24,0,0,SAC,0.6463414634146342
0.41,0.333,0.929,14.0,39.0,18.0,19.0,1.0,8.0,LAC,-41,0,0,SAC,0.5060240963855421
0.471,0.333,0.933,15.0,32.0,29.0,9.0,7.0,2.0,BOS,-14,1,0,SAC,0.6829268292682927
0.412,0.357,0.688,32.0,42.0,20.0,21.0,6.0,3.0,PHO,-27,0,0,SAC,0.5476190476190477
0.425,0.2,0.781,32.0,38.0,17.0,10.0,10.0,7.0,MIL,-17,1,0,SAC,0.3902439024390244
0.424,0.29,0.647,17.0,43.0,23.0,13.0,11.0,6.0,DAL,-2,1,0,SAC,0.3170731707317073
0.5,0.259,0.769,13.0,31.0,23.0,13.0,6.0,6.0,GSW,-34,0,0,SAC,0.4523809523809524
0.484,0.348,0.75,20.0,45.0,25.0,10.0,4.0,1.0,HOU,13,1,1,SAC,0.6341463414634146
0.585,0.654,0.786,14.0,32.0,23.0,15.0,6.0,4.0,LAL,12,1,1,SAC,0.6463414634146342
0.473,0.37,0.842,38.0,48.0,23.0,17.0,4.0,6.0,NYK,11,1,1,SAC,0.6463414634146342
0.58,0.484,0.633,30.0,45.0,36.0,19.0,5.0,5.0,WAS,13,1,1,SAC,0.2073170731707317
0.488,0.355,0.833,18.0,40.0,29.0,16.0,8.0,5.0,POR,-7,1,0,SAC,0.5180722891566265
0.506,0.367,0.857,21.0,49.0,27.0,16.0,6.0,4.0,MIA,-13,1,0,SAC,0.5180722891566265
0.466,0.273,0.818,22.0,45.0,25.0,16.0,6.0,6.0,TOR,-13,1,0,SAC,0.5609756097560976
0.472,0.394,0.955,22.0,43.0,26.0,11.0,5.0,2.0,CLE,-5,0,0,SAC,0.6341463414634146
0.524,0.44,0.607,28.0,33.0,32.0,19.0,7.0,7.0,DET,-23,0,0,SAC,0.7317073170731707
0.402,0.167,0.857,14.0,44.0,18.0,17.0,8.0,3.0,NYK,-16,0,0,SAC,0.6463414634146342
0.5,0.385,0.826,23.0,46.0,21.0,17.0,6.0,4.0,PHI,-2,0,0,SAC,0.5542168674698795
0.373,0.323,0.913,23.0,47.0,19.0,16.0,4.0,6.0,BOS,-19,0,0,SAC,0.6829268292682927
0.464,0.381,0.897,29.0,37.0,21.0,14.0,9.0,8.0,WAS,-4,0,0,SAC,0.2073170731707317
0.45,0.306,0.857,28.0,46.0,29.0,13.0,4.0,2.0,MEM,-4,1,0,SAC,0.3048780487804878
0.446,0.27,0.864,22.0,42.0,22.0,11.0,10.0,6.0,LAC,-3,1,0,SAC,0.5060240963855421
0.511,0.432,0.7,20.0,42.0,30.0,15.0,9.0,5.0,CLE,-6,1,0,SAC,0.6341463414634146
0.404,0.129,0.667,15.0,50.0,19.0,17.0,8.0,3.0,NOP,-26,0,0,SAC,0.3170731707317073
0.344,0.212,0.828,29.0,42.0,24.0,13.0,10.0,3.0,UTA,-28,0,0,SAC,0.2682926829268293
0.407,0.296,0.8,20.0,48.0,22.0,19.0,9.0,3.0,ORL,-37,1,0,SAC,0.5476190476190477
0.469,0.281,0.92,25.0,35.0,33.0,12.0,11.0,7.0,SAS,-17,0,0,SAC,0.7560975609756098
0.5,0.345,0.76,25.0,45.0,30.0,15.0,12.0,7.0,MEM,9,0,1,SAC,0.3048780487804878
0.398,0.219,0.8,20.0,43.0,22.0,12.0,9.0,2.0,HOU,-31,0,0,SAC,0.6341463414634146
0.505,0.308,0.8,25.0,46.0,29.0,5.0,11.0,4.0,DAL,9,0,1,SAC,0.3170731707317073
0.467,0.231,0.933,15.0,52.0,30.0,20.0,4.0,8.0,LAL,-24,0,0,SAC,0.6463414634146342
0.456,0.259,0.778,18.0,40.0,25.0,14.0,11.0,2.0,PHO,-11,1,0,SAC,0.5476190476190477
0.505,0.258,0.652,23.0,42.0,29.0,7.0,5.0,3.0,NOP,-10,1,0,SAC,0.3170731707317073
0.448,0.379,0.913,23.0,55.0,33.0,4.0,5.0,6.0,CHI,16,1,1,SAC,0.3780487804878049
0.456,0.35,0.833,30.0,52.0,22.0,11.0,10.0,7.0,IND,5,1,1,SAC,0.23170731707317074
0.542,0.32,0.786,14.0,35.0,24.0,14.0,6.0,6.0,CHO,-8,1,0,SAC,0.5357142857142857
0.585,0.444,0.625,16.0,48.0,29.0,21.0,9.0,4.0,LAC,9,0,1,SAC,0.5060240963855421
0.482,0.306,0.821,28.0,50.0,28.0,18.0,9.0,3.0,UTA,5,1,1,SAC,0.2682926829268293
0.441,0.389,0.615,13.0,41.0,32.0,8.0,4.0,2.0,SAS,-28,1,0,SAC,0.7560975609756098
0.483,0.375,0.69,29.0,41.0,26.0,14.0,3.0,6.0,PHI,-21,1,0,SAC,0.5542168674698795
0.524,0.519,0.765,34.0,51.0,30.0,17.0,4.0,5.0,BRK,4,1,1,SAC,0.24390243902439024
0.407,0.321,0.636,11.0,35.0,27.0,12.0,4.0,3.0,CHO,-44,0,0,SAC,0.5357142857142857
0.511,0.424,0.813,16.0,35.0,30.0,11.0,7.0,3.0,ORL,-4,0,0,SAC,0.5476190476190477
0.484,0.375,0.846,13.0,42.0,27.0,15.0,7.0,1.0,ATL,-10,0,0,SAC,0.5609756097560976
0.429,0.313,0.68,25.0,43.0,21.0,15.0,7.0,3.0,BRK,-17,0,0,SAC,0.24390243902439024
0.457,0.364,0.931,29.0,48.0,24.0,14.0,7.0,3.0,TOR,8,0,1,SAC,0.5609756097560976
0.511,0.303,0.75,20.0,46.0,29.0,15.0,7.0,6.0,NOP,4,1,1,SAC,0.3170731707317073
0.529,0.281,0.5,20.0,42.0,25.0,20.0,9.0,8.0,LAC,-29,1,0,SAC,0.5060240963855421
0.471,0.355,0.706,17.0,41.0,22.0,15.0,9.0,6.0,GSW,-5,0,0,SAC,0.4523809523809524
0.461,0.386,0.735,34.0,49.0,25.0,16.0,10.0,6.0,GSW,6,1,1,SAC,0.4523809523809524
0.482,0.333,0.742,31.0,47.0,24.0,17.0,7.0,8.0,POR,-12,0,0,SAC,0.5180722891566265
0.575,0.4,0.607,28.0,50.0,24.0,15.0,10.0,5.0,DAL,33,0,1,SAS,0.3170731707317073
0.459,0.302,0.654,26.0,59.0,25.0,19.0,6.0,13.0,NOP,4,0,1,SAS,0.3170731707317073
0.5,0.444,0.778,36.0,45.0,20.0,15.0,7.0,6.0,BRK,11,1,1,SAS,0.24390243902439024
0.582,0.481,0.833,36.0,44.0,29.0,21.0,11.0,3.0,TOR,18,1,1,SAS,0.5609756097560976
0.442,0.341,0.739,23.0,48.0,26.0,11.0,10.0,8.0,MIA,6,1,1,SAS,0.5180722891566265
0.459,0.244,0.783,23.0,41.0,21.0,14.0,11.0,5.0,PHO,-12,0,0,SAS,0.5476190476190477
0.486,0.394,0.775,40.0,37.0,22.0,19.0,7.0,1.0,LAL,-2,0,0,SAS,0.6463414634146342
0.46,0.4,0.92,25.0,40.0,30.0,21.0,15.0,4.0,HOU,11,1,1,SAS,0.6341463414634146
0.533,0.35,0.889,18.0,43.0,31.0,12.0,6.0,6.0,NOP,7,1,1,SAS,0.3170731707317073
0.512,0.303,0.852,27.0,47.0,30.0,15.0,10.0,7.0,CHI,4,0,1,SAS,0.3780487804878049
0.489,0.359,0.875,16.0,49.0,30.0,20.0,5.0,3.0,GSW,-5,1,0,SAS,0.4523809523809524
0.459,0.368,0.842,19.0,47.0,28.0,21.0,8.0,6.0,GSW,-1,1,0,SAS,0.4523809523809524
0.54,0.368,0.833,18.0,46.0,38.0,15.0,7.0,4.0,SAC,13,1,1,SAS,0.2682926829268293
0.483,0.381,0.846,13.0,38.0,23.0,9.0,10.0,3.0,MEM,10,1,1,SAS,0.3048780487804878
0.527,0.425,0.733,30.0,43.0,34.0,11.0,10.0,4.0,ATL,9,1,1,SAS,0.5609756097560976
0.416,0.294,0.824,34.0,50.0,17.0,19.0,4.0,4.0,PHO,-9,0,0,SAS,0.5476190476190477
0.406,0.333,0.88,25.0,57.0,17.0,9.0,12.0,6.0,POR,13,0,1,SAS,0.5180722891566265
0.489,0.405,0.938,32.0,35.0,30.0,9.0,10.0,5.0,DEN,3,0,1,SAS,0.6585365853658537
0.524,0.242,0.842,19.0,33.0,17.0,10.0,10.0,1.0,MIN,-13,0,0,SAS,0.5975609756097561
0.457,0.462,0.774,31.0,40.0,28.0,7.0,7.0,7.0,MEM,7,1,1,SAS,0.3048780487804878
0.462,0.342,0.708,24.0,52.0,20.0,19.0,5.0,5.0,ORL,2,0,1,SAS,0.5476190476190477
0.452,0.349,0.692,26.0,38.0,28.0,14.0,9.0,3.0,CLE,-13,0,0,SAS,0.6341463414634146
0.5,0.472,0.8,25.0,43.0,29.0,15.0,5.0,0.0,NOP,3,0,1,SAS,0.3170731707317073
0.5,0.447,0.806,36.0,50.0,25.0,12.0,9.0,3.0,LAL,13,0,1,SAS,0.6463414634146342
0.411,0.31,0.75,32.0,52.0,21.0,19.0,9.0,6.0,OKC,2,0,1,SAS,0.7804878048780488
0.489,0.357,0.8,20.0,53.0,29.0,14.0,6.0,9.0,WAS,25,1,1,SAS,0.2073170731707317
0.543,0.361,0.688,16.0,56.0,31.0,15.0,11.0,4.0,ATL,28,0,1,SAS,0.5609756097560976
0.413,0.317,0.781,32.0,61.0,26.0,10.0,3.0,5.0,WAS,11,0,1,SAS,0.2073170731707317
0.571,0.444,0.75,24.0,34.0,34.0,9.0,10.0,3.0,OKC,20,1,1,SAS,0.7804878048780488
0.536,0.379,0.762,21.0,49.0,20.0,13.0,3.0,4.0,OKC,15,0,1,SAS,0.7804878048780488
0.434,0.227,0.857,21.0,46.0,30.0,12.0,6.0,7.0,UTA,-13,1,0,SAS,0.2682926829268293
0.386,0.226,0.833,36.0,52.0,21.0,18.0,7.0,2.0,CLE,-12,1,0,SAS,0.6341463414634146
0.494,0.368,0.8,40.0,48.0,25.0,11.0,7.0,3.0,NYK,2,1,1,SAS,0.6463414634146342
0.449,0.283,0.786,28.0,49.0,23.0,13.0,8.0,2.0,IND,10,0,1,SAS,0.23170731707317074
0.43,0.323,0.87,23.0,48.0,27.0,6.0,8.0,7.0,POR,-5,1,0,SAS,0.5180722891566265
0.373,0.304,0.833,18.0,50.0,26.0,14.0,9.0,4.0,MEM,-1,0,0,SAS,0.3048780487804878
0.488,0.16,0.821,28.0,50.0,24.0,15.0,10.0,5.0,LAL,16,1,1,SAS,0.6463414634146342
0.4,0.227,0.7,20.0,53.0,22.0,8.0,5.0,4.0,BOS,5,0,1,SAS,0.6829268292682927
0.386,0.342,0.88,25.0,49.0,19.0,14.0,6.0,1.0,MIN,-1,0,0,SAS,0.5975609756097561
0.4,0.351,0.708,24.0,42.0,21.0,12.0,4.0,3.0,OKC,-21,0,0,SAS,0.7804878048780488
0.506,0.432,0.852,27.0,50.0,28.0,17.0,7.0,2.0,MIL,18,1,1,SAS,0.3902439024390244
0.5,0.395,0.607,28.0,43.0,35.0,11.0,6.0,5.0,MIN,3,1,1,SAS,0.5975609756097561
0.557,0.421,0.76,25.0,38.0,32.0,14.0,9.0,12.0,UTA,13,1,1,SAS,0.2682926829268293
0.39,0.28,1.0,10.0,45.0,24.0,9.0,7.0,5.0,HOU,-5,0,0,SAS,0.6341463414634146
0.506,0.419,0.833,24.0,41.0,30.0,11.0,8.0,11.0,UTA,17,0,1,SAS,0.2682926829268293
0.395,0.273,0.594,32.0,46.0,22.0,12.0,2.0,5.0,NOP,-9,1,0,SAS,0.3170731707317073
0.537,0.231,0.708,24.0,46.0,28.0,15.0,5.0,8.0,HOU,12,0,1,SAS,0.6341463414634146
0.475,0.382,0.895,19.0,36.0,26.0,11.0,7.0,6.0,CHO,-5,0,0,SAS,0.5357142857142857
0.5,0.276,0.688,32.0,48.0,27.0,17.0,8.0,6.0,ORL,9,1,1,SAS,0.5476190476190477
0.446,0.333,0.6,20.0,63.0,26.0,14.0,11.0,8.0,OKC,10,1,1,SAS,0.7804878048780488
0.505,0.415,0.88,25.0,50.0,34.0,14.0,7.0,7.0,DAL,12,0,1,SAS,0.3170731707317073
0.556,0.4,0.7,20.0,52.0,34.0,18.0,5.0,11.0,DAL,13,1,1,SAS,0.3170731707317073
0.565,0.394,0.76,25.0,45.0,34.0,13.0,14.0,6.0,LAL,28,0,1,SAS,0.6463414634146342
0.495,0.256,0.857,28.0,44.0,35.0,10.0,6.0,5.0,GSW,13,0,1,SAS,0.4523809523809524
0.517,0.351,0.9,20.0,50.0,30.0,12.0,6.0,7.0,PHO,27,1,1,SAS,0.5476190476190477
0.553,0.382,0.786,28.0,48.0,32.0,18.0,5.0,7.0,SAC,17,1,1,SAS,0.2682926829268293
0.416,0.45,0.632,19.0,50.0,32.0,16.0,8.0,11.0,DET,11,0,1,SAS,0.7317073170731707
0.465,0.436,0.565,23.0,40.0,28.0,13.0,11.0,5.0,TOR,3,0,1,SAS,0.5609756097560976
0.494,0.405,0.852,27.0,39.0,36.0,9.0,13.0,5.0,BRK,16,0,1,SAS,0.24390243902439024
0.416,0.265,0.727,22.0,41.0,25.0,22.0,7.0,5.0,NYK,-25,0,0,SAS,0.6463414634146342
0.551,0.4,0.833,18.0,56.0,36.0,17.0,10.0,10.0,PHI,40,0,1,SAS,0.5542168674698795
0.5,0.351,0.8,30.0,46.0,24.0,9.0,5.0,11.0,DET,15,1,1,SAS,0.7317073170731707
0.484,0.415,0.5,14.0,52.0,29.0,13.0,6.0,7.0,LAC,4,1,1,SAS,0.5060240963855421
0.58,0.525,0.815,27.0,32.0,38.0,8.0,4.0,6.0,HOU,25,1,1,SAS,0.6341463414634146
0.518,0.426,0.68,25.0,44.0,27.0,12.0,3.0,2.0,BOS,9,1,1,SAS,0.6829268292682927
0.453,0.404,0.813,32.0,49.0,34.0,10.0,8.0,4.0,DEN,-5,1,0,SAS,0.6585365853658537
0.467,0.333,0.857,21.0,54.0,29.0,13.0,7.0,6.0,CHO,13,1,1,SAS,0.5357142857142857
0.462,0.278,0.793,29.0,52.0,25.0,15.0,5.0,7.0,LAC,4,0,1,SAS,0.5060240963855421
0.516,0.51,0.846,13.0,50.0,41.0,6.0,5.0,5.0,SAC,28,0,1,SAS,0.2682926829268293
0.422,0.294,0.913,23.0,42.0,23.0,14.0,6.0,5.0,PHO,1,1,1,SAS,0.5476190476190477
0.546,0.382,0.882,17.0,49.0,33.0,12.0,5.0,6.0,IND,15,1,1,SAS,0.23170731707317074
0.475,0.349,0.893,28.0,62.0,33.0,15.0,7.0,9.0,MIA,25,0,1,SAS,0.5180722891566265
0.517,0.348,0.682,22.0,59.0,36.0,15.0,7.0,9.0,MEM,25,0,1,SAS,0.3048780487804878
0.551,0.4,0.75,20.0,41.0,35.0,11.0,13.0,2.0,MIL,32,0,1,SAS,0.3902439024390244
0.51,0.412,0.708,24.0,55.0,31.0,12.0,8.0,4.0,CHI,15,1,1,SAS,0.3780487804878049
0.473,0.319,0.8,30.0,48.0,34.0,15.0,8.0,6.0,GSW,14,0,1,SAS,0.4523809523809524
0.534,0.387,0.857,14.0,48.0,30.0,16.0,7.0,2.0,LAC,19,0,1,SAS,0.5060240963855421
0.465,0.333,0.926,27.0,50.0,29.0,11.0,5.0,6.0,DEN,-2,0,0,SAS,0.6585365853658537
0.494,0.344,0.727,22.0,47.0,31.0,11.0,8.0,5.0,PHI,13,1,1,SAS,0.5542168674698795
0.489,0.379,0.789,19.0,45.0,28.0,17.0,13.0,6.0,POR,11,1,1,SAS,0.5180722891566265
0.543,0.406,0.963,27.0,48.0,30.0,11.0,4.0,6.0,DAL,19,1,1,SAS,0.3170731707317073
0.455,0.319,0.722,18.0,45.0,27.0,9.0,5.0,5.0,DEN,-10,1,0,SAS,0.6585365853658537
0.568,0.24,0.828,29.0,54.0,36.0,19.0,10.0,4.0,ATL,20,0,1,TOR,0.5609756097560976
0.494,0.407,0.656,32.0,41.0,25.0,16.0,10.0,4.0,MIL,-6,1,0,TOR,0.3902439024390244
0.49,0.394,0.75,24.0,43.0,33.0,16.0,10.0,1.0,DAL,-10,0,0,TOR,0.3170731707317073
0.468,0.375,0.739,23.0,20.0,29.0,15.0,9.0,4.0,SAS,-18,0,0,TOR,0.7560975609756098
0.506,0.525,0.737,19.0,22.0,29.0,10.0,6.0,2.0,HOU,-18,1,0,TOR,0.6341463414634146
0.488,0.433,0.792,24.0,48.0,27.0,18.0,9.0,4.0,CLE,11,0,1,TOR,0.6341463414634146
0.506,0.297,0.8,20.0,49.0,32.0,16.0,5.0,7.0,MEM,13,1,1,TOR,0.3048780487804878
0.484,0.447,0.793,29.0,50.0,33.0,10.0,8.0,6.0,MIL,28,1,1,TOR,0.3902439024390244
0.407,0.316,0.92,25.0,48.0,23.0,13.0,11.0,6.0,ATL,12,0,1,TOR,0.5609756097560976
0.456,0.421,0.786,28.0,38.0,29.0,11.0,7.0,5.0,PHI,-10,0,0,TOR,0.5542168674698795
0.495,0.257,0.8,25.0,50.0,31.0,9.0,5.0,4.0,BRK,10,0,1,TOR,0.24390243902439024
0.557,0.387,0.941,17.0,43.0,37.0,14.0,6.0,7.0,CLE,13,0,1,TOR,0.6341463414634146
0.552,0.233,0.619,42.0,46.0,29.0,14.0,13.0,3.0,IND,18,0,1,TOR,0.23170731707317074
0.5,0.4,0.75,16.0,43.0,25.0,17.0,8.0,7.0,CHO,2,1,1,TOR,0.5357142857142857
0.536,0.379,0.833,24.0,31.0,33.0,15.0,12.0,2.0,PHI,9,0,1,TOR,0.5542168674698795
0.578,0.5,0.769,39.0,48.0,36.0,15.0,13.0,4.0,WAS,30,1,1,TOR,0.2073170731707317
0.464,0.5,0.897,29.0,32.0,30.0,9.0,12.0,4.0,BRK,10,1,1,TOR,0.24390243902439024
0.489,0.278,0.667,18.0,51.0,28.0,16.0,8.0,1.0,CLE,11,1,1,TOR,0.6341463414634146
0.389,0.192,0.815,27.0,48.0,18.0,13.0,9.0,4.0,IND,2,1,1,TOR,0.23170731707317074
0.444,0.31,0.824,17.0,52.0,34.0,16.0,6.0,3.0,CHO,-7,0,0,TOR,0.5357142857142857
0.42,0.297,0.529,17.0,40.0,27.0,18.0,9.0,6.0,NYK,-22,0,0,TOR,0.6463414634146342
0.533,0.367,0.667,21.0,43.0,33.0,18.0,10.0,3.0,POR,3,1,1,TOR,0.5180722891566265
0.494,0.405,0.81,21.0,41.0,39.0,15.0,9.0,8.0,LAL,-3,1,0,TOR,0.6463414634146342
0.37,0.31,0.692,13.0,41.0,19.0,20.0,12.0,4.0,CHO,-25,1,0,TOR,0.5357142857142857
0.489,0.409,0.857,21.0,42.0,22.0,13.0,5.0,3.0,BOS,-8,1,0,TOR,0.6829268292682927
0.433,0.289,0.667,18.0,37.0,28.0,14.0,9.0,4.0,NYK,-16,1,0,TOR,0.6463414634146342
0.477,0.4,0.667,9.0,45.0,33.0,21.0,9.0,7.0,MIA,10,0,1,TOR,0.5180722891566265
0.5,0.371,0.667,21.0,45.0,31.0,17.0,9.0,2.0,MIL,6,0,1,TOR,0.3902439024390244
0.414,0.34,0.727,11.0,37.0,30.0,12.0,2.0,7.0,BOS,-16,1,0,TOR,0.6829268292682927
0.372,0.278,0.875,8.0,39.0,23.0,15.0,6.0,5.0,BRK,-15,0,0,TOR,0.24390243902439024
0.477,0.368,0.889,18.0,50.0,29.0,17.0,12.0,5.0,MIA,21,0,1,TOR,0.5180722891566265
0.44,0.333,0.926,27.0,33.0,26.0,11.0,10.0,5.0,WAS,-21,0,0,TOR,0.2073170731707317
0.509,0.31,0.889,18.0,55.0,40.0,15.0,10.0,2.0,GSW,14,1,1,TOR,0.4523809523809524
0.394,0.235,0.724,29.0,58.0,22.0,6.0,6.0,7.0,ORL,1,1,1,TOR,0.5476190476190477
0.37,0.267,0.81,21.0,50.0,27.0,8.0,6.0,4.0,DEN,-3,1,0,TOR,0.6585365853658537
0.533,0.387,0.923,26.0,48.0,28.0,14.0,10.0,8.0,ATL,17,1,1,TOR,0.5609756097560976
0.522,0.324,0.632,19.0,46.0,34.0,15.0,10.0,5.0,ATL,18,1,1,TOR,0.5609756097560976
0.413,0.206,0.737,19.0,42.0,18.0,6.0,6.0,4.0,CHO,1,0,1,TOR,0.5357142857142857
0.489,0.383,0.9,10.0,31.0,39.0,7.0,7.0,6.0,BOS,-8,0,0,TOR,0.6829268292682927
0.398,0.156,0.744,39.0,48.0,29.0,15.0,14.0,6.0,PHI,1,1,1,TOR,0.5542168674698795
0.402,0.162,0.88,25.0,38.0,29.0,9.0,7.0,2.0,PHI,-13,1,0,TOR,0.5542168674698795
0.494,0.357,0.654,26.0,49.0,30.0,12.0,4.0,5.0,IND,14,0,1,TOR,0.23170731707317074
0.483,0.333,0.846,26.0,36.0,30.0,18.0,4.0,5.0,LAC,-4,1,0,TOR,0.5060240963855421
0.418,0.219,0.667,15.0,43.0,30.0,10.0,7.0,5.0,LAL,-17,0,0,TOR,0.6463414634146342
0.593,0.618,1.0,22.0,37.0,42.0,17.0,7.0,3.0,GSW,18,0,1,TOR,0.4523809523809524
0.457,0.394,0.92,25.0,47.0,30.0,11.0,11.0,3.0,SAC,13,0,1,TOR,0.2682926829268293
0.529,0.31,0.647,17.0,46.0,28.0,16.0,7.0,9.0,POR,12,0,1,TOR,0.5180722891566265
0.43,0.353,0.654,26.0,51.0,28.0,11.0,10.0,6.0,OKC,2,0,1,TOR,0.7804878048780488
0.38,0.269,0.862,29.0,43.0,20.0,20.0,9.0,8.0,NYK,-27,1,0,TOR,0.6463414634146342
0.524,0.25,0.781,32.0,38.0,33.0,14.0,8.0,6.0,ORL,-10,0,0,TOR,0.5476190476190477
0.417,0.343,0.833,30.0,42.0,22.0,19.0,11.0,8.0,UTA,7,1,1,TOR,0.2682926829268293
0.528,0.484,0.708,24.0,41.0,31.0,13.0,6.0,7.0,MIN,-2,1,0,TOR,0.5975609756097561
0.563,0.412,0.846,13.0,35.0,35.0,12.0,10.0,7.0,CHI,16,1,1,TOR,0.3780487804878049
0.474,0.367,0.7,30.0,54.0,29.0,13.0,12.0,8.0,IND,18,1,1,TOR,0.23170731707317074
0.427,0.313,0.913,23.0,35.0,22.0,17.0,7.0,6.0,DET,-18,1,0,TOR,0.7317073170731707
0.422,0.304,0.871,31.0,46.0,23.0,14.0,14.0,3.0,CHI,9,0,1,TOR,0.3780487804878049
0.468,0.348,0.783,23.0,45.0,34.0,8.0,11.0,3.0,MIL,28,0,1,TOR,0.3902439024390244
0.466,0.474,0.583,12.0,34.0,30.0,16.0,10.0,8.0,OKC,-9,1,0,TOR,0.7804878048780488
0.422,0.348,0.852,27.0,50.0,17.0,13.0,6.0,4.0,SAS,-3,1,0,TOR,0.7560975609756098
0.6,0.409,0.852,27.0,35.0,31.0,10.0,7.0,3.0,WAS,9,0,1,TOR,0.2073170731707317
0.455,0.286,0.895,19.0,28.0,24.0,15.0,8.0,3.0,NYK,-16,1,0,TOR,0.6463414634146342
0.494,0.429,0.667,24.0,40.0,22.0,14.0,6.0,5.0,MIN,-8,0,0,TOR,0.5975609756097561
0.505,0.278,0.727,22.0,42.0,39.0,8.0,11.0,4.0,DAL,30,1,1,TOR,0.3170731707317073
0.436,0.25,0.786,28.0,30.0,21.0,13.0,10.0,4.0,HOU,-14,0,0,TOR,0.6341463414634146
0.415,0.318,0.76,25.0,43.0,20.0,11.0,13.0,5.0,NOP,-11,0,0,TOR,0.3170731707317073
0.535,0.519,0.8,20.0,44.0,25.0,12.0,6.0,3.0,PHO,7,1,1,TOR,0.5476190476190477
0.484,0.286,0.767,30.0,48.0,25.0,13.0,9.0,5.0,DET,11,1,1,TOR,0.7317073170731707
0.571,0.424,0.879,33.0,43.0,33.0,18.0,6.0,3.0,CHI,30,0,1,TOR,0.3780487804878049
0.512,0.323,0.739,23.0,40.0,32.0,10.0,8.0,4.0,DEN,-6,0,0,TOR,0.6585365853658537
0.493,0.321,0.682,22.0,30.0,28.0,20.0,9.0,9.0,PHO,-22,0,0,TOR,0.5476190476190477
0.614,0.541,0.536,28.0,35.0,49.0,17.0,12.0,10.0,UTA,16,0,1,TOR,0.2682926829268293
0.417,0.345,0.364,11.0,46.0,28.0,11.0,8.0,4.0,LAC,-25,0,0,TOR,0.5060240963855421
0.516,0.357,0.722,18.0,46.0,36.0,14.0,8.0,8.0,NOP,13,1,1,TOR,0.3170731707317073
0.574,0.448,0.818,22.0,44.0,41.0,11.0,20.0,3.0,ORL,52,1,1,TOR,0.5476190476190477
0.483,0.345,0.645,31.0,35.0,33.0,14.0,13.0,3.0,DET,-11,0,0,TOR,0.7317073170731707
0.545,0.391,0.688,32.0,32.0,33.0,11.0,9.0,5.0,SAC,-8,1,0,TOR,0.2682926829268293
0.524,0.375,0.756,41.0,51.0,31.0,16.0,10.0,6.0,MEM,32,0,1,TOR,0.3048780487804878
0.476,0.4,0.722,18.0,31.0,31.0,15.0,6.0,4.0,BOS,-14,0,0,TOR,0.6829268292682927
0.495,0.429,0.688,16.0,56.0,34.0,12.0,9.0,5.0,MIA,26,1,1,TOR,0.5180722891566265
0.512,0.433,0.794,34.0,40.0,24.0,6.0,9.0,2.0,MIA,14,1,1,TOR,0.5180722891566265
0.493,0.4,0.65,20.0,32.0,24.0,18.0,7.0,0.0,NYK,-17,0,0,TOR,0.6463414634146342
0.638,0.444,0.759,29.0,43.0,36.0,10.0,9.0,8.0,BRK,35,1,1,TOR,0.24390243902439024
0.552,0.386,0.8,20.0,46.0,38.0,13.0,11.0,6.0,LAC,21,1,1,UTA,0.5060240963855421
0.442,0.317,0.882,17.0,50.0,25.0,20.0,6.0,1.0,SAC,-1,0,0,UTA,0.2682926829268293
0.407,0.327,0.944,36.0,64.0,27.0,19.0,8.0,4.0,PHO,4,1,1,UTA,0.5476190476190477
0.488,0.314,0.837,49.0,46.0,30.0,22.0,10.0,7.0,POR,-2,1,0,UTA,0.5180722891566265
0.375,0.324,0.75,32.0,48.0,23.0,21.0,4.0,3.0,PHO,-22,0,0,UTA,0.5476190476190477
0.409,0.219,0.828,29.0,38.0,27.0,11.0,7.0,3.0,CHO,-23,0,0,UTA,0.5357142857142857
0.452,0.29,0.8,25.0,55.0,23.0,19.0,4.0,2.0,BOS,2,0,1,UTA,0.6829268292682927
0.384,0.308,0.862,29.0,44.0,24.0,15.0,7.0,2.0,DET,-11,0,0,UTA,0.7317073170731707
0.372,0.231,0.72,25.0,40.0,28.0,18.0,11.0,3.0,MIN,-40,0,0,UTA,0.5975609756097561
0.4,0.327,0.833,24.0,50.0,30.0,15.0,5.0,5.0,MIN,-7,1,0,UTA,0.5975609756097561
0.554,0.452,0.886,35.0,45.0,38.0,15.0,3.0,3.0,IND,24,1,1,UTA,0.23170731707317074
0.489,0.432,0.619,21.0,49.0,39.0,24.0,9.0,5.0,ATL,-10,1,0,UTA,0.5609756097560976
0.441,0.367,0.829,41.0,53.0,29.0,9.0,13.0,6.0,CHI,3,1,1,UTA,0.3780487804878049
0.522,0.289,0.944,18.0,33.0,33.0,18.0,13.0,2.0,LAL,-14,0,0,UTA,0.6463414634146342
0.481,0.421,0.833,24.0,39.0,30.0,28.0,10.0,3.0,OKC,-32,1,0,UTA,0.7804878048780488
0.426,0.325,0.722,18.0,45.0,27.0,14.0,7.0,2.0,LAL,-2,1,0,UTA,0.6463414634146342
0.475,0.306,0.667,18.0,47.0,32.0,14.0,7.0,6.0,GSW,-17,0,0,UTA,0.4523809523809524
0.483,0.325,0.775,40.0,49.0,32.0,13.0,7.0,5.0,SAC,9,1,1,UTA,0.2682926829268293
0.443,0.281,0.933,15.0,33.0,32.0,17.0,8.0,4.0,HOU,-28,1,0,UTA,0.6341463414634146
0.5,0.4,0.763,38.0,50.0,33.0,13.0,8.0,4.0,HOU,8,1,1,UTA,0.6341463414634146
0.506,0.56,0.926,27.0,39.0,31.0,13.0,7.0,1.0,BRK,13,0,1,UTA,0.24390243902439024
0.402,0.357,0.771,35.0,37.0,23.0,12.0,8.0,1.0,NYK,-34,0,0,UTA,0.6463414634146342
0.471,0.333,0.75,12.0,37.0,25.0,17.0,6.0,3.0,OKC,-30,1,0,UTA,0.7804878048780488
0.462,0.362,0.68,25.0,58.0,33.0,13.0,6.0,4.0,MEM,4,0,1,UTA,0.3048780487804878
0.515,0.361,0.818,33.0,47.0,33.0,13.0,8.0,4.0,DAL,7,1,1,UTA,0.3170731707317073
0.518,0.486,0.66,47.0,39.0,31.0,13.0,4.0,1.0,LAL,-8,1,0,UTA,0.6463414634146342
0.419,0.349,0.8,30.0,52.0,34.0,12.0,7.0,2.0,ORL,-1,1,0,UTA,0.5476190476190477
0.427,0.341,0.842,19.0,49.0,30.0,14.0,5.0,1.0,DEN,-23,0,0,UTA,0.6585365853658537
0.444,0.356,0.889,36.0,40.0,29.0,13.0,9.0,2.0,MEM,-9,1,0,UTA,0.3048780487804878
0.489,0.474,0.962,26.0,42.0,35.0,18.0,12.0,8.0,DET,2,1,1,UTA,0.7317073170731707
0.542,0.459,0.769,26.0,37.0,34.0,16.0,9.0,4.0,SAS,13,0,1,UTA,0.7560975609756098
0.471,0.381,0.84,25.0,40.0,31.0,13.0,4.0,3.0,BOS,-10,1,0,UTA,0.6829268292682927
0.462,0.222,0.767,30.0,35.0,20.0,18.0,7.0,5.0,LAC,-17,0,0,UTA,0.5060240963855421
0.523,0.371,0.647,17.0,37.0,32.0,15.0,7.0,2.0,GSW,-9,0,0,UTA,0.4523809523809524
0.489,0.419,0.824,17.0,42.0,32.0,15.0,11.0,2.0,POR,-20,0,0,UTA,0.5180722891566265
0.441,0.268,0.762,21.0,65.0,33.0,20.0,8.0,5.0,OKC,-4,0,0,UTA,0.7804878048780488
0.495,0.317,0.643,14.0,42.0,32.0,9.0,11.0,3.0,DAL,2,1,1,UTA,0.3170731707317073
0.409,0.226,0.762,21.0,31.0,22.0,15.0,6.0,2.0,CHO,-55,1,0,UTA,0.5357142857142857
0.482,0.439,0.893,28.0,50.0,32.0,19.0,7.0,4.0,CLE,11,0,1,UTA,0.6341463414634146
0.547,0.286,0.889,27.0,36.0,30.0,13.0,9.0,2.0,CHI,-2,0,0,UTA,0.3780487804878049
0.49,0.278,0.783,23.0,39.0,33.0,17.0,9.0,4.0,DAL,-22,0,0,UTA,0.3170731707317073
0.539,0.323,0.7,20.0,41.0,30.0,15.0,5.0,3.0,DAL,-18,0,0,UTA,0.3170731707317073
0.402,0.351,0.852,27.0,42.0,31.0,14.0,10.0,1.0,SAS,-13,0,0,UTA,0.7560975609756098
0.552,0.414,0.731,26.0,45.0,31.0,17.0,8.0,4.0,MIN,5,1,1,UTA,0.5975609756097561
0.478,0.4,0.846,13.0,44.0,31.0,17.0,5.0,3.0,SAS,-17,1,0,UTA,0.7560975609756098
0.478,0.28,0.75,28.0,34.0,36.0,14.0,9.0,10.0,MIA,-31,1,0,UTA,0.5180722891566265
0.451,0.364,0.81,21.0,40.0,28.0,17.0,6.0,3.0,LAC,-12,1,0,UTA,0.5060240963855421
0.489,0.395,0.875,24.0,37.0,38.0,19.0,16.0,3.0,GSW,-16,1,0,UTA,0.4523809523809524
0.5,0.345,0.579,19.0,33.0,26.0,11.0,6.0,4.0,BRK,-10,1,0,UTA,0.24390243902439024
0.356,0.222,0.824,34.0,56.0,20.0,24.0,10.0,6.0,TOR,-7,0,0,UTA,0.5609756097560976
0.568,0.448,0.692,26.0,38.0,38.0,10.0,13.0,4.0,IND,9,0,1,UTA,0.23170731707317074
0.465,0.4,0.65,20.0,49.0,19.0,11.0,7.0,4.0,ATL,-2,0,0,UTA,0.5609756097560976
0.478,0.323,0.826,23.0,54.0,30.0,24.0,11.0,4.0,ORL,-3,0,0,UTA,0.5476190476190477
0.424,0.278,0.871,31.0,58.0,29.0,12.0,8.0,2.0,MIA,4,0,1,UTA,0.5180722891566265
0.547,0.405,0.923,13.0,52.0,34.0,18.0,9.0,3.0,SAC,28,1,1,UTA,0.2682926829268293
0.483,0.368,0.724,29.0,38.0,28.0,19.0,15.0,3.0,POR,-16,1,0,UTA,0.5180722891566265
0.495,0.382,0.563,16.0,49.0,28.0,24.0,11.0,6.0,MEM,-9,0,0,UTA,0.3048780487804878
0.367,0.182,0.833,30.0,36.0,23.0,12.0,17.0,3.0,HOU,-20,0,0,UTA,0.6341463414634146
0.5,0.324,0.64,25.0,37.0,28.0,18.0,14.0,6.0,NOP,-11,1,0,UTA,0.3170731707317073
0.344,0.279,0.818,33.0,40.0,24.0,7.0,10.0,5.0,NOP,-10,1,0,UTA,0.3170731707317073
0.512,0.385,0.846,26.0,33.0,24.0,9.0,11.0,3.0,DEN,-3,1,0,UTA,0.6585365853658537
0.409,0.308,0.947,19.0,42.0,22.0,15.0,7.0,6.0,PHI,-4,0,0,UTA,0.5542168674698795
0.511,0.429,0.722,18.0,45.0,31.0,12.0,12.0,4.0,WAS,10,0,1,UTA,0.2073170731707317
0.344,0.245,0.862,29.0,53.0,23.0,12.0,7.0,3.0,MIL,-14,0,0,UTA,0.3902439024390244
0.482,0.353,0.931,29.0,50.0,29.0,17.0,8.0,4.0,GSW,3,1,1,UTA,0.4523809523809524
0.483,0.5,0.789,19.0,38.0,30.0,15.0,7.0,4.0,NYK,-17,1,0,UTA,0.6463414634146342
0.457,0.433,0.773,22.0,36.0,28.0,18.0,16.0,3.0,POR,-10,0,0,UTA,0.5180722891566265
0.477,0.333,0.68,25.0,40.0,22.0,15.0,12.0,5.0,SAC,-5,0,0,UTA,0.2682926829268293
0.43,0.333,0.692,26.0,46.0,26.0,24.0,10.0,5.0,MIN,-36,0,0,UTA,0.5975609756097561
0.539,0.375,0.7,20.0,47.0,34.0,17.0,10.0,2.0,MIL,32,1,1,UTA,0.3902439024390244
0.406,0.225,0.935,31.0,39.0,29.0,8.0,8.0,8.0,PHI,-10,1,0,UTA,0.5542168674698795
0.47,0.361,0.837,43.0,39.0,25.0,18.0,9.0,6.0,TOR,-16,1,0,UTA,0.5609756097560976
0.469,0.241,0.52,25.0,40.0,34.0,15.0,11.0,8.0,WAS,-23,1,0,UTA,0.2073170731707317
0.558,0.273,0.737,19.0,43.0,34.0,10.0,10.0,4.0,DEN,-6,0,0,UTA,0.6585365853658537
0.467,0.435,0.684,19.0,42.0,30.0,14.0,8.0,4.0,PHO,-25,0,0,UTA,0.5476190476190477
0.477,0.517,0.7,20.0,40.0,32.0,15.0,9.0,3.0,CLE,-9,1,0,UTA,0.6341463414634146
0.463,0.324,0.68,25.0,44.0,32.0,12.0,7.0,4.0,DEN,-13,1,0,UTA,0.6585365853658537
0.448,0.185,0.682,22.0,45.0,22.0,13.0,7.0,4.0,HOU,-34,0,0,UTA,0.6341463414634146
0.43,0.359,0.733,15.0,43.0,29.0,16.0,11.0,3.0,OKC,-35,0,0,UTA,0.7804878048780488
0.51,0.313,0.875,24.0,41.0,38.0,16.0,12.0,1.0,NOP,-19,0,0,UTA,0.3170731707317073
0.564,0.429,0.471,17.0,64.0,43.0,16.0,16.0,5.0,MEM,46,1,1,UTA,0.3048780487804878
0.436,0.206,0.667,27.0,42.0,25.0,16.0,13.0,4.0,LAL,-24,0,0,UTA,0.6463414634146342
0.469,0.405,0.579,19.0,56.0,23.0,13.0,5.0,4.0,MIL,-13,0,0,WAS,0.3902439024390244
0.456,0.417,0.69,29.0,48.0,27.0,17.0,11.0,8.0,DAL,10,0,1,WAS,0.3170731707317073
0.451,0.294,0.84,25.0,40.0,25.0,15.0,5.0,4.0,CHO,-26,1,0,WAS,0.5357142857142857
0.477,0.395,0.714,21.0,50.0,33.0,16.0,10.0,5.0,PHI,-5,1,0,WAS,0.5542168674698795
0.452,0.425,0.882,17.0,49.0,25.0,23.0,3.0,6.0,OKC,-19,0,0,WAS,0.7804878048780488
0.398,0.333,0.467,15.0,40.0,19.0,17.0,7.0,9.0,ORL,-31,1,0,WAS,0.5476190476190477
0.469,0.371,0.684,19.0,44.0,30.0,20.0,7.0,5.0,NYK,-17,0,0,WAS,0.6463414634146342
0.488,0.333,0.741,27.0,40.0,25.0,19.0,2.0,5.0,BOS,-29,0,0,WAS,0.6829268292682927
0.451,0.366,0.783,23.0,44.0,32.0,20.0,5.0,7.0,CLE,-33,1,0,WAS,0.6341463414634146
0.416,0.314,0.87,23.0,44.0,17.0,18.0,7.0,7.0,DAL,-6,1,0,WAS,0.3170731707317073
0.526,0.395,0.769,26.0,46.0,26.0,20.0,10.0,6.0,DET,-2,0,0,WAS,0.7317073170731707
0.457,0.395,0.684,19.0,37.0,25.0,12.0,6.0,5.0,HOU,-23,0,0,WAS,0.6341463414634146
0.44,0.353,0.909,22.0,33.0,21.0,12.0,7.0,3.0,BRK,-23,1,0,WAS,0.24390243902439024
0.489,0.438,0.75,12.0,43.0,25.0,17.0,6.0,6.0,MIN,-11,0,0,WAS,0.5975609756097561
0.453,0.293,0.833,24.0,29.0,26.0,18.0,9.0,4.0,TOR,-30,0,0,WAS,0.5609756097560976
0.458,0.444,0.8,20.0,55.0,33.0,15.0,9.0,4.0,CHI,-1,0,0,WAS,0.3780487804878049
0.571,0.5,0.654,26.0,36.0,30.0,13.0,13.0,8.0,ATL,19,1,1,WAS,0.5609756097560976
0.393,0.219,0.65,20.0,42.0,18.0,17.0,6.0,7.0,IND,-33,0,0,WAS,0.23170731707317074
0.52,0.361,0.667,15.0,41.0,29.0,10.0,9.0,4.0,MIL,3,1,1,WAS,0.3902439024390244
0.398,0.25,0.719,32.0,53.0,23.0,15.0,5.0,11.0,PHI,-19,0,0,WAS,0.5542168674698795
0.417,0.323,0.84,25.0,37.0,21.0,18.0,5.0,4.0,BOS,-45,1,0,WAS,0.6829268292682927
0.513,0.447,0.895,19.0,26.0,29.0,20.0,6.0,5.0,ATL,-15,1,0,WAS,0.5609756097560976
0.488,0.364,0.813,32.0,49.0,29.0,16.0,6.0,6.0,CLE,-4,1,0,WAS,0.6341463414634146
0.461,0.357,0.615,26.0,56.0,19.0,11.0,5.0,3.0,IND,19,0,1,WAS,0.23170731707317074
0.404,0.25,0.643,14.0,46.0,29.0,14.0,10.0,5.0,SAS,-25,0,0,WAS,0.7560975609756098
0.475,0.386,0.731,26.0,54.0,32.0,13.0,5.0,3.0,MEM,8,0,1,WAS,0.3048780487804878
0.442,0.244,0.75,24.0,43.0,20.0,5.0,5.0,7.0,SAS,-11,1,0,WAS,0.7560975609756098
0.412,0.286,0.826,23.0,49.0,22.0,6.0,3.0,7.0,CHO,-17,0,0,WAS,0.5357142857142857
0.593,0.455,0.833,18.0,46.0,26.0,14.0,8.0,7.0,TOR,21,1,1,WAS,0.5609756097560976
0.424,0.242,0.96,25.0,54.0,26.0,19.0,9.0,12.0,MEM,4,1,1,WAS,0.3048780487804878
0.462,0.406,0.762,21.0,43.0,21.0,16.0,6.0,8.0,PHO,-14,1,0,WAS,0.5476190476190477
0.436,0.487,0.65,20.0,44.0,31.0,10.0,8.0,8.0,MIL,1,0,1,WAS,0.3902439024390244
0.511,0.379,0.875,16.0,51.0,24.0,19.0,10.0,9.0,BRK,20,1,1,WAS,0.24390243902439024
0.489,0.333,0.895,19.0,35.0,21.0,19.0,9.0,5.0,MIN,-26,1,0,WAS,0.5975609756097561
0.453,0.324,0.939,33.0,45.0,25.0,15.0,12.0,10.0,ORL,8,1,1,WAS,0.5476190476190477
0.494,0.394,1.0,11.0,42.0,29.0,22.0,7.0,6.0,PHI,-21,0,0,WAS,0.5542168674698795
0.425,0.314,0.667,33.0,40.0,24.0,19.0,10.0,8.0,NOP,-21,1,0,WAS,0.3170731707317073
0.395,0.233,1.0,18.0,49.0,22.0,23.0,9.0,7.0,PHO,-19,0,0,WAS,0.5476190476190477
0.456,0.263,0.765,17.0,41.0,25.0,11.0,5.0,3.0,LAC,-14,0,0,WAS,0.5060240963855421
0.489,0.324,0.762,21.0,34.0,23.0,11.0,9.0,2.0,SAC,-13,0,0,WAS,0.2682926829268293
0.458,0.367,0.552,29.0,48.0,20.0,11.0,9.0,4.0,DEN,-6,0,0,WAS,0.6585365853658537
0.43,0.371,0.864,22.0,45.0,27.0,20.0,7.0,5.0,LAC,-4,1,0,WAS,0.5060240963855421
0.381,0.302,0.833,24.0,42.0,20.0,14.0,9.0,6.0,DEN,-10,1,0,WAS,0.6585365853658537
0.458,0.358,0.889,9.0,34.0,35.0,13.0,14.0,6.0,CHO,-4,0,0,WAS,0.5357142857142857
0.408,0.436,0.857,21.0,46.0,27.0,14.0,16.0,12.0,POR,4,1,1,WAS,0.5180722891566265
0.396,0.229,0.893,28.0,61.0,21.0,13.0,8.0,7.0,MIL,10,1,1,WAS,0.3902439024390244
0.444,0.333,0.7,10.0,39.0,28.0,19.0,10.0,4.0,LAL,-31,1,0,WAS,0.6463414634146342
0.523,0.419,0.733,15.0,42.0,31.0,17.0,10.0,4.0,SAC,4,1,1,WAS,0.2682926829268293
0.407,0.355,0.625,32.0,42.0,19.0,13.0,6.0,3.0,NYK,-31,1,0,WAS,0.6463414634146342
0.538,0.439,0.556,18.0,39.0,30.0,17.0,9.0,6.0,DET,9,0,1,WAS,0.7317073170731707
0.468,0.367,0.933,30.0,30.0,18.0,16.0,6.0,8.0,BRK,-14,0,0,WAS,0.24390243902439024
0.419,0.333,0.688,16.0,42.0,23.0,19.0,7.0,6.0,MIA,-31,1,0,WAS,0.5180722891566265
0.404,0.304,0.833,18.0,40.0,26.0,15.0,13.0,4.0,CLE,-25,0,0,WAS,0.6341463414634146
0.439,0.297,0.75,20.0,46.0,30.0,10.0,14.0,5.0,IND,7,1,1,WAS,0.23170731707317074
0.579,0.207,0.789,19.0,48.0,36.0,18.0,14.0,9.0,IND,13,1,1,WAS,0.23170731707317074
0.488,0.429,0.706,17.0,37.0,24.0,11.0,6.0,5.0,CHO,-17,1,0,WAS,0.5357142857142857
0.44,0.323,0.824,17.0,41.0,23.0,20.0,9.0,8.0,ATL,-21,0,0,WAS,0.5609756097560976
0.383,0.273,0.938,16.0,44.0,17.0,14.0,7.0,3.0,ATL,-30,0,0,WAS,0.5609756097560976
0.534,0.471,0.714,21.0,35.0,23.0,14.0,3.0,8.0,TOR,-9,1,0,WAS,0.5609756097560976
0.484,0.543,0.786,14.0,27.0,20.0,13.0,15.0,4.0,HOU,-5,1,0,WAS,0.6341463414634146
0.467,0.219,0.64,25.0,42.0,23.0,14.0,4.0,6.0,ORL,-17,0,0,WAS,0.5476190476190477
0.468,0.429,0.688,32.0,43.0,22.0,19.0,8.0,1.0,UTA,-10,1,0,WAS,0.2682926829268293
0.451,0.333,0.815,27.0,41.0,27.0,17.0,2.0,3.0,NOP,-20,0,0,WAS,0.3170731707317073
0.517,0.417,0.759,29.0,35.0,25.0,24.0,6.0,3.0,MIA,-21,0,0,WAS,0.5180722891566265
0.457,0.304,0.875,24.0,49.0,26.0,15.0,7.0,10.0,ORL,-5,0,0,WAS,0.5476190476190477
0.44,0.385,0.647,17.0,38.0,28.0,15.0,9.0,4.0,BOS,-11,0,0,WAS,0.6829268292682927
0.513,0.382,0.828,29.0,36.0,24.0,21.0,7.0,2.0,GSW,-8,1,0,WAS,0.4523809523809524
0.494,0.432,0.789,19.0,35.0,20.0,14.0,7.0,5.0,DET,-13,1,0,WAS,0.7317073170731707
0.439,0.395,0.667,12.0,35.0,20.0,19.0,3.0,10.0,DET,-22,1,0,WAS,0.7317073170731707
0.451,0.41,0.722,18.0,34.0,28.0,15.0,8.0,3.0,OKC,-21,1,0,WAS,0.7804878048780488
0.483,0.383,0.692,13.0,28.0,25.0,15.0,12.0,4.0,NYK,-32,0,0,WAS,0.6463414634146342
0.553,0.406,0.667,24.0,56.0,27.0,19.0,12.0,4.0,UTA,23,0,1,WAS,0.2682926829268293
0.526,0.429,0.8,10.0,38.0,29.0,11.0,5.0,3.0,GSW,-5,0,0,WAS,0.4523809523809524
0.368,0.227,0.864,22.0,39.0,16.0,16.0,7.0,2.0,POR,-35,0,0,WAS,0.5180722891566265
0.441,0.2,0.75,16.0,33.0,25.0,9.0,11.0,2.0,LAL,-19,0,0,WAS,0.6463414634146342
0.521,0.4,0.882,17.0,32.0,32.0,12.0,4.0,3.0,PHI,-22,1,0,WAS,0.5542168674698795
0.472,0.425,0.792,24.0,44.0,28.0,9.0,12.0,5.0,MIA,-16,0,0,WAS,0.5180722891566265
0.557,0.36,0.643,28.0,41.0,20.0,23.0,9.0,3.0,BRK,-6,0,0,WAS,0.24390243902439024
0.43,0.289,0.619,21.0,46.0,22.0,22.0,8.0,7.0,CHI,-31,1,0,WAS,0.3780487804878049
0.396,0.263,0.815,27.0,52.0,24.0,19.0,12.0,8.0,CHI,-11,1,0,WAS,0.3780487804878049
0.5,0.452,0.786,14.0,27.0,26.0,14.0,11.0,2.0,MIA,-23,1,0,WAS,0.5180722891566265
0.467,0.439,0.789,19.0,30.0,29.0,13.0,10.0,2.0,CLE,-13,0,0,WAS,0.6341463414634146
